{
  "0": {
    "項目\u0000string_idx]": "基本操作",
    "技名\u0000string]": "歩く／走る",
    "タグ番号\u0000value]": "",
    "習得タイミング\u0000string]": "",
    "習得レベル\u0000string]": "",
    "習得シナリオステータス\u0000special_scenariostatus]": "80010001",
    "説明\u0000string]": "左スティックの入力度合いによって\n歩きと走りの使い分けが可能。",
    "操作方法\u0000string]": "左スティック",
    "画像ファイル名\u0000string]": "001_walkrun.dds"
  },
  "1": {
    "項目\u0000string_idx]": "",
    "技名\u0000string]": "構える",
    "タグ番号\u0000value]": "",
    "習得タイミング\u0000string]": "",
    "習得レベル\u0000string]": "",
    "習得シナリオステータス\u0000special_scenariostatus]": "80010001",
    "説明\u0000string]": "構えることで、前方の敵にロックできる。\n集中的に攻撃したい場合などに有効。",
    "操作方法\u0000string]": "<Sign:4>",
    "画像ファイル名\u0000string]": "002_kamae.dds"
  },
  "2": {
    "項目\u0000string_idx]": "",
    "技名\u0000string]": "敵を掴む",
    "タグ番号\u0000value]": "",
    "習得タイミング\u0000string]": "",
    "習得レベル\u0000string]": "",
    "習得シナリオステータス\u0000special_scenariostatus]": "80010001",
    "説明\u0000string]": "正面に立つ敵を掴んで動きを封じる。\n敵によっては瞬時に解かれる場合もある。",
    "操作方法\u0000string]": "敵の近くで<Sign:0>",
    "画像ファイル名\u0000string]": "003_hold.dds"
  },
  "3": {
    "項目\u0000string_idx]": "",
    "技名\u0000string]": "脚掴み",
    "タグ番号\u0000value]": "",
    "習得タイミング\u0000string]": "",
    "習得レベル\u0000string]": "",
    "習得シナリオステータス\u0000special_scenariostatus]": "80010001",
    "説明\u0000string]": "ダウンしている敵の脚を掴む。\nここから引き摺り回し、投げる、蹴ることが可能。",
    "操作方法\u0000string]": "ダウンしている敵の脚方向から<Sign:0>",
    "画像ファイル名\u0000string]": "004_holdleg.dds"
  },
  "4": {
    "項目\u0000string_idx]": "",
    "技名\u0000string]": "頭掴み",
    "タグ番号\u0000value]": "",
    "習得タイミング\u0000string]": "",
    "習得レベル\u0000string]": "",
    "習得シナリオステータス\u0000special_scenariostatus]": "80010001",
    "説明\u0000string]": "ダウンしている敵の肩を掴み無理矢理立たせる。\n立たされた敵はしばらく行動不能。",
    "操作方法\u0000string]": "ダウンしている敵の頭方向から<Sign:0>",
    "画像ファイル名\u0000string]": "005_holdhead.dds"
  },
  "5": {
    "項目\u0000string_idx]": "",
    "技名\u0000string]": "武器を拾う",
    "タグ番号\u0000value]": "",
    "習得タイミング\u0000string]": "",
    "習得レベル\u0000string]": "",
    "習得シナリオステータス\u0000special_scenariostatus]": "80010001",
    "説明\u0000string]": "<Sign:0>印が出ている武器を拾う。\n拾ってからもう一度<Sign:0>で投げつけが可能。",
    "操作方法\u0000string]": "<Sign:0>印の出ている武器の近くで<Sign:0>",
    "画像ファイル名\u0000string]": "006_pickweapon.dds"
  },
  "6": {
    "項目\u0000string_idx]": "",
    "技名\u0000string]": "ガード（素手）",
    "タグ番号\u0000value]": "",
    "習得タイミング\u0000string]": "",
    "習得レベル\u0000string]": "",
    "習得シナリオステータス\u0000special_scenariostatus]": "80010001",
    "説明\u0000string]": "前方向からの攻撃を防御できる。\n鈍器による攻撃は弾かれ、刃物や銃弾は防御不能。",
    "操作方法\u0000string]": "<Sign:6>",
    "画像ファイル名\u0000string]": "007_guardbare.dds"
  },
  "7": {
    "項目\u0000string_idx]": "",
    "技名\u0000string]": "ガード（武器）",
    "タグ番号\u0000value]": "",
    "習得タイミング\u0000string]": "",
    "習得レベル\u0000string]": "",
    "習得シナリオステータス\u0000special_scenariostatus]": "80010001",
    "説明\u0000string]": "前方向からの攻撃を防御できる。\n耐久力があれば、銃弾も防げる。",
    "操作方法\u0000string]": "<Sign:6>",
    "画像ファイル名\u0000string]": "008_guardwepon.dds"
  },
  "8": {
    "項目\u0000string_idx]": "",
    "技名\u0000string]": "スウェイ",
    "タグ番号\u0000value]": "",
    "習得タイミング\u0000string]": "",
    "習得レベル\u0000string]": "",
    "習得シナリオステータス\u0000special_scenariostatus]": "80010001",
    "説明\u0000string]": "素早いステップワークにより攻撃を避ける。\n掴みは避けきれない場合がある。",
    "操作方法\u0000string]": "<Sign:3>",
    "画像ファイル名\u0000string]": "009_sway.dds"
  },
  "9": {
    "項目\u0000string_idx]": "",
    "技名\u0000string]": "残心",
    "タグ番号\u0000value]": "",
    "習得タイミング\u0000string]": "",
    "習得レベル\u0000string]": "",
    "習得シナリオステータス\u0000special_scenariostatus]": "80010001",
    "説明\u0000string]": "特定攻撃後に残心を示す事で、闘気を溜められる。\n冷静に攻撃しないと失敗しやすい。",
    "操作方法\u0000string]": "特定攻撃で最後のボタンを入力し続ける",
    "画像ファイル名\u0000string]": "010_zanshin.dds"
  },
  "10": {
    "項目\u0000string_idx]": "",
    "技名\u0000string]": "挑発",
    "タグ番号\u0000value]": "",
    "習得タイミング\u0000string]": "",
    "習得レベル\u0000string]": "",
    "習得シナリオステータス\u0000special_scenariostatus]": "80010001",
    "説明\u0000string]": "敵を挑発することで自分の闘気の低下を防ぐ。\n特定の能力強化で性能が強化される。",
    "操作方法\u0000string]": "<Sign:5>",
    "画像ファイル名\u0000string]": "011_provoke.dds"
  },
  "11": {
    "項目\u0000string_idx]": "",
    "技名\u0000string]": "カメラ操作",
    "タグ番号\u0000value]": "",
    "習得タイミング\u0000string]": "",
    "習得レベル\u0000string]": "",
    "習得シナリオステータス\u0000special_scenariostatus]": "80010001",
    "説明\u0000string]": "カメラを上下左右に動かす。\nポーズメニューの「設定」で操作方法の変更が可能。",
    "操作方法\u0000string]": "右スティック",
    "画像ファイル名\u0000string]": "012_cameracont.dds"
  },
  "12": {
    "項目\u0000string_idx]": "",
    "技名\u0000string]": "カメラリセット",
    "タグ番号\u0000value]": "",
    "習得タイミング\u0000string]": "",
    "習得レベル\u0000string]": "",
    "習得シナリオステータス\u0000special_scenariostatus]": "80010001",
    "説明\u0000string]": "カメラを背後に移動させる。",
    "操作方法\u0000string]": "<Sign:7>またはＲ３ボタン",
    "画像ファイル名\u0000string]": "013_camerareset.dds"
  },
  "13": {
    "項目\u0000string_idx]": "基本攻撃技",
    "技名\u0000string]": "ラッシュコンボ",
    "タグ番号\u0000value]": "",
    "習得タイミング\u0000string]": "",
    "習得レベル\u0000string]": "",
    "習得シナリオステータス\u0000special_scenariostatus]": "80010001",
    "説明\u0000string]": "連続攻撃を繰り出す事ができる。",
    "操作方法\u0000string]": "<Sign:2>を連続入力",
    "画像ファイル名\u0000string]": "014_rushcombo.dds"
  },
  "14": {
    "項目\u0000string_idx]": "",
    "技名\u0000string]": "フィニッシュブロウ",
    "タグ番号\u0000value]": "",
    "習得タイミング\u0000string]": "",
    "習得レベル\u0000string]": "",
    "習得シナリオステータス\u0000special_scenariostatus]": "80010001",
    "説明\u0000string]": "ラッシュコンボから繰り出せる強力な攻撃。\n素手ケンカで圧勝するための必須テクニック。",
    "操作方法\u0000string]": "ラッシュコンボ後に<Sign:1>",
    "画像ファイル名\u0000string]": "015_finishblow.dds"
  },
  "15": {
    "項目\u0000string_idx]": "",
    "技名\u0000string]": "全方位攻撃",
    "タグ番号\u0000value]": "",
    "習得タイミング\u0000string]": "",
    "習得レベル\u0000string]": "",
    "習得シナリオステータス\u0000special_scenariostatus]": "80010001",
    "説明\u0000string]": "構えずに攻撃を繰り出す事で\n側面や背面に攻撃を行うことができる。",
    "操作方法\u0000string]": "構えずに左スティック＋攻撃",
    "画像ファイル名\u0000string]": "016_allrangeblow.dds"
  },
  "16": {
    "項目\u0000string_idx]": "",
    "技名\u0000string]": "ブロウキック",
    "タグ番号\u0000value]": "",
    "習得タイミング\u0000string]": "",
    "習得レベル\u0000string]": "",
    "習得シナリオステータス\u0000special_scenariostatus]": "80010001",
    "説明\u0000string]": "基本は蹴り上げ攻撃で、構えると中段の前蹴り。\n武器を蹴り飛ばすことも可能。",
    "操作方法\u0000string]": "<Sign:1>",
    "画像ファイル名\u0000string]": "017_blowkick.dds"
  },
  "17": {
    "項目\u0000string_idx]": "",
    "技名\u0000string]": "チャージキック",
    "タグ番号\u0000value]": "",
    "習得タイミング\u0000string]": "",
    "習得レベル\u0000string]": "",
    "習得シナリオステータス\u0000special_scenariostatus]": "80010001",
    "説明\u0000string]": "低い体勢からの蹴りつけ攻撃。\n敵は倒れ、武器も強烈に吹き飛ぶ。",
    "操作方法\u0000string]": "<Sign:1>長押し",
    "画像ファイル名\u0000string]": "018_chargekick.dds"
  },
  "18": {
    "項目\u0000string_idx]": "",
    "技名\u0000string]": "ターンキック",
    "タグ番号\u0000value]": "",
    "習得タイミング\u0000string]": "",
    "習得レベル\u0000string]": "",
    "習得シナリオステータス\u0000special_scenariostatus]": "80010001",
    "説明\u0000string]": "敵が背後にいる状態限定で繰り出せる蹴り。\n強敵との戦いの際に邪魔者を排除できる。",
    "操作方法\u0000string]": "構えて左スティック背面方向＋<Sign:1>",
    "画像ファイル名\u0000string]": "019_turnkick.dds"
  },
  "19": {
    "項目\u0000string_idx]": "",
    "技名\u0000string]": "ドロップキック",
    "タグ番号\u0000value]": "",
    "習得タイミング\u0000string]": "",
    "習得レベル\u0000string]": "",
    "習得シナリオステータス\u0000special_scenariostatus]": "80010001",
    "説明\u0000string]": "走り状態から捨て身の跳び蹴り。\nリスクを承知で繰り出す覚悟が必要。",
    "操作方法\u0000string]": "走り中に<Sign:1>",
    "画像ファイル名\u0000string]": "020_dropkick.dds"
  },
  "20": {
    "項目\u0000string_idx]": "",
    "技名\u0000string]": "ホールドブロウ",
    "タグ番号\u0000value]": "",
    "習得タイミング\u0000string]": "",
    "習得レベル\u0000string]": "",
    "習得シナリオステータス\u0000special_scenariostatus]": "80010001",
    "説明\u0000string]": "敵を掴んでいる状態での攻撃。掴んだ敵に集中的に\n攻撃か、飛ばして他の敵を巻き込める。",
    "操作方法\u0000string]": "敵を掴んで<Sign:2>か<Sign:1>",
    "画像ファイル名\u0000string]": "021_holdblow.dds"
  },
  "21": {
    "項目\u0000string_idx]": "",
    "技名\u0000string]": "ホールドターンブロウ",
    "タグ番号\u0000value]": "",
    "習得タイミング\u0000string]": "",
    "習得レベル\u0000string]": "",
    "習得シナリオステータス\u0000special_scenariostatus]": "80010001",
    "説明\u0000string]": "敵に掴まれた状態で他の敵に繰り出す攻撃。\n掴まれている体勢によって攻撃可能方向が異なる。",
    "操作方法\u0000string]": "掴まれている状態で<Sign:1>",
    "画像ファイル名\u0000string]": "022_holdturnblow.dds"
  },
  "22": {
    "項目\u0000string_idx]": "",
    "技名\u0000string]": "敵を投げる",
    "タグ番号\u0000value]": "",
    "習得タイミング\u0000string]": "",
    "習得レベル\u0000string]": "",
    "習得シナリオステータス\u0000special_scenariostatus]": "80010001",
    "説明\u0000string]": "掴んだ敵を投げ飛ばす。他の敵を巻き込んだり\n攻撃を無効化するなど色々使えるテクニック。",
    "操作方法\u0000string]": "敵を掴んで<Sign:0>",
    "画像ファイル名\u0000string]": "023_throwenemy.dds"
  },
  "23": {
    "項目\u0000string_idx]": "",
    "技名\u0000string]": "装備武器を出す",
    "タグ番号\u0000value]": "",
    "習得タイミング\u0000string]": "",
    "習得レベル\u0000string]": "",
    "習得シナリオステータス\u0000special_scenariostatus]": "80010001",
    "説明\u0000string]": "武器をケンカの最中に出す。敵によってはビクつく。\nポーズメニューのアイテムで装備編集が可能。",
    "操作方法\u0000string]": "方向キーを入力",
    "画像ファイル名\u0000string]": "024_readyweapon.dds"
  },
  "24": {
    "項目\u0000string_idx]": "",
    "技名\u0000string]": "武器を投げる",
    "タグ番号\u0000value]": "",
    "習得タイミング\u0000string]": "",
    "習得レベル\u0000string]": "",
    "習得シナリオステータス\u0000special_scenariostatus]": "80010001",
    "説明\u0000string]": "その場で拾った武器を敵に投げつける。\n武器によって当たった際の効果が異なる。",
    "操作方法\u0000string]": "拾った武器を持って<Sign:0>",
    "画像ファイル名\u0000string]": "025_throwwepon.dds"
  },
  "25": {
    "項目\u0000string_idx]": "基本武器技",
    "技名\u0000string]": "片手武器",
    "タグ番号\u0000value]": "",
    "習得タイミング\u0000string]": "",
    "習得レベル\u0000string]": "",
    "習得シナリオステータス\u0000special_scenariostatus]": "80010001",
    "説明\u0000string]": "ビール瓶など小型の武器。\n攻撃が当たると気絶効果が得られる武器もある。",
    "操作方法\u0000string]": "<Sign:0><Sign:3><Sign:1><Sign:2>など",
    "画像ファイル名\u0000string]": "026_Aonehand.dds"
  },
  "26": {
    "項目\u0000string_idx]": "",
    "技名\u0000string]": "スプレー系武器",
    "タグ番号\u0000value]": "",
    "習得タイミング\u0000string]": "",
    "習得レベル\u0000string]": "",
    "習得シナリオステータス\u0000special_scenariostatus]": "80010001",
    "説明\u0000string]": "ガスを吹き付けての攻撃が可能。\nそのまま打撃をしても効果は低い。",
    "操作方法\u0000string]": "<Sign:0><Sign:3><Sign:1><Sign:2>など",
    "画像ファイル名\u0000string]": "028_spray.dds"
  },
  "27": {
    "項目\u0000string_idx]": "",
    "技名\u0000string]": "ナイフ系武器",
    "タグ番号\u0000value]": "",
    "習得タイミング\u0000string]": "",
    "習得レベル\u0000string]": "",
    "習得シナリオステータス\u0000special_scenariostatus]": "80010001",
    "説明\u0000string]": "小型の刃物武器全般を示す。\n素早い動きと刺し効果攻撃が特徴。",
    "操作方法\u0000string]": "<Sign:0><Sign:3><Sign:1><Sign:2>など",
    "画像ファイル名\u0000string]": "030_Bknife.dds"
  },
  "28": {
    "項目\u0000string_idx]": "",
    "技名\u0000string]": "日本刀",
    "タグ番号\u0000value]": "",
    "習得タイミング\u0000string]": "",
    "習得レベル\u0000string]": "",
    "習得シナリオステータス\u0000special_scenariostatus]": "80010001",
    "説明\u0000string]": "大型の刃物武器全般を示す。\n<Sign:0>での蹴り技はガード崩しに使える。",
    "操作方法\u0000string]": "<Sign:0><Sign:3><Sign:1><Sign:2>など",
    "画像ファイル名\u0000string]": "031_Ekatana.dds"
  },
  "29": {
    "項目\u0000string_idx]": "",
    "技名\u0000string]": "蓮家操棒術",
    "タグ番号\u0000value]": "",
    "習得タイミング\u0000string]": "",
    "習得レベル\u0000string]": "",
    "習得シナリオステータス\u0000special_scenariostatus]": "80010001",
    "説明\u0000string]": "白蓮師より伝授された棒術。\n足元への攻撃・防御が可能なのが特徴。",
    "操作方法\u0000string]": "<Sign:0><Sign:3><Sign:1><Sign:2>など",
    "画像ファイル名\u0000string]": "032_Imartspole.dds"
  },
  "30": {
    "項目\u0000string_idx]": "",
    "技名\u0000string]": "ポール武器",
    "タグ番号\u0000value]": "",
    "習得タイミング\u0000string]": "",
    "習得レベル\u0000string]": "",
    "習得シナリオステータス\u0000special_scenariostatus]": "80010001",
    "説明\u0000string]": "街で拾う武器はバランスとして棒術が使えない。\nぶん回してなぎ倒す攻撃になる。",
    "操作方法\u0000string]": "<Sign:0><Sign:3><Sign:1><Sign:2>など",
    "画像ファイル名\u0000string]": "033_pole.dds"
  },
  "31": {
    "項目\u0000string_idx]": "",
    "技名\u0000string]": "長物武器",
    "タグ番号\u0000value]": "",
    "習得タイミング\u0000string]": "",
    "習得レベル\u0000string]": "",
    "習得シナリオステータス\u0000special_scenariostatus]": "80010001",
    "説明\u0000string]": "鉄パイプやバット、ゴルフクラブでのアクション。\n武器の形状によって<Sign:1>攻撃が変わる。",
    "操作方法\u0000string]": "<Sign:0><Sign:3><Sign:1><Sign:2>など",
    "画像ファイル名\u0000string]": "034_Dtwohands.dds"
  },
  "32": {
    "項目\u0000string_idx]": "",
    "技名\u0000string]": "軽量武器",
    "タグ番号\u0000value]": "",
    "習得タイミング\u0000string]": "",
    "習得レベル\u0000string]": "",
    "習得シナリオステータス\u0000special_scenariostatus]": "80010001",
    "説明\u0000string]": "ビールケースなど比較的軽く両手で持って殴る武器。\n連続攻撃を行うと敵は一時的に気絶。",
    "操作方法\u0000string]": "<Sign:0><Sign:3><Sign:1><Sign:2>など",
    "画像ファイル名\u0000string]": "035_H.dds"
  },
  "33": {
    "項目\u0000string_idx]": "",
    "技名\u0000string]": "重量武器",
    "タグ番号\u0000value]": "",
    "習得タイミング\u0000string]": "",
    "習得レベル\u0000string]": "",
    "習得シナリオステータス\u0000special_scenariostatus]": "80010001",
    "説明\u0000string]": "電飾看板など持てる中では限界の大きさの武器。\n振り回し、吹き飛ばす攻撃が可能。",
    "操作方法\u0000string]": "<Sign:0><Sign:3><Sign:1><Sign:2>など",
    "画像ファイル名\u0000string]": "036_C.dds"
  },
  "34": {
    "項目\u0000string_idx]": "",
    "技名\u0000string]": "超重量武器",
    "タグ番号\u0000value]": "",
    "習得タイミング\u0000string]": "",
    "習得レベル\u0000string]": "",
    "習得シナリオステータス\u0000special_scenariostatus]": "80010001",
    "説明\u0000string]": "持つ事ができない重さの武器。\nケンカキックで蹴り飛ばして敵に当てることが可能。",
    "操作方法\u0000string]": "<Sign:0><Sign:3><Sign:1><Sign:2>など",
    "画像ファイル名\u0000string]": "037_huge.dds"
  },
  "35": {
    "項目\u0000string_idx]": "",
    "技名\u0000string]": "ハンマー系武器",
    "タグ番号\u0000value]": "",
    "習得タイミング\u0000string]": "",
    "習得レベル\u0000string]": "",
    "習得シナリオステータス\u0000special_scenariostatus]": "80010001",
    "説明\u0000string]": "工事現場などにある粉砕ハンマー。振り回して攻撃。\n携帯用を作っている者がいるという噂もある。",
    "操作方法\u0000string]": "<Sign:0><Sign:3><Sign:1><Sign:2>など",
    "画像ファイル名\u0000string]": "038_Ghammer.dds"
  },
  "36": {
    "項目\u0000string_idx]": "",
    "技名\u0000string]": "破裂武器",
    "タグ番号\u0000value]": "",
    "習得タイミング\u0000string]": "",
    "習得レベル\u0000string]": "",
    "習得シナリオステータス\u0000special_scenariostatus]": "80010001",
    "説明\u0000string]": "爆発や目に染みる煙が出る武器。\n敵によっては持ち込んで来るので奪って使う。",
    "操作方法\u0000string]": "<Sign:0>で投げると爆発",
    "画像ファイル名\u0000string]": "039_bomb.dds"
  },
  "37": {
    "項目\u0000string_idx]": "",
    "技名\u0000string]": "銃火器",
    "タグ番号\u0000value]": "",
    "習得タイミング\u0000string]": "",
    "習得レベル\u0000string]": "",
    "習得シナリオステータス\u0000special_scenariostatus]": "80010001",
    "説明\u0000string]": "最強の武器。構えて撃つことで精度が上がる。\n弾は店で買って補充ができる。",
    "操作方法\u0000string]": "<Sign:0><Sign:3><Sign:1><Sign:2>など",
    "画像ファイル名\u0000string]": "040_guns.dds"
  },
  "38": {
    "項目\u0000string_idx]": "「心」習得能力",
    "技名\u0000string]": "最大闘気増加",
    "タグ番号\u0000value]": "2",
    "習得タイミング\u0000string]": "心",
    "習得レベル\u0000string]": "2345678910",
    "習得シナリオステータス\u0000special_scenariostatus]": "80ba0000",
    "説明\u0000string]": "ヒートゲージの最大値が増加する",
    "操作方法\u0000string]": "ヒートゲージ強化",
    "画像ファイル名\u0000string]": "041_plusheat.dds"
  },
  "39": {
    "項目\u0000string_idx]": "",
    "技名\u0000string]": "朱雀の気位",
    "タグ番号\u0000value]": "1",
    "習得タイミング\u0000string]": "心",
    "習得レベル\u0000string]": "2",
    "習得シナリオステータス\u0000special_scenariostatus]": "80ba001a",
    "説明\u0000string]": "体力ゲージが赤点滅している際にヒートゲージが\n自動で充填される灼熱の朱雀の如き気位。",
    "操作方法\u0000string]": "体力ゲージ赤点滅時に発動",
    "画像ファイル名\u0000string]": "042_suzaku.dds"
  },
  "40": {
    "項目\u0000string_idx]": "",
    "技名\u0000string]": "剛体の心得",
    "タグ番号\u0000value]": "1",
    "習得タイミング\u0000string]": "心",
    "習得レベル\u0000string]": "3",
    "習得シナリオステータス\u0000special_scenariostatus]": "80ba001b",
    "説明\u0000string]": "ヒート状態時にダウンしづらくなる剛体術の初歩。",
    "操作方法\u0000string]": "ヒート状態時に発動",
    "画像ファイル名\u0000string]": "043_goutai1.dds"
  },
  "41": {
    "項目\u0000string_idx]": "",
    "技名\u0000string]": "白虎の気位",
    "タグ番号\u0000value]": "1",
    "習得タイミング\u0000string]": "心",
    "習得レベル\u0000string]": "4",
    "習得シナリオステータス\u0000special_scenariostatus]": "80ba001c",
    "説明\u0000string]": "挑発を行う事で自らを奮い立たせてヒートゲージが\n増加する白き猛虎の如き気位。",
    "操作方法\u0000string]": "<Sign:5>挑発時に発動",
    "画像ファイル名\u0000string]": "044_byakko.dds"
  },
  "42": {
    "項目\u0000string_idx]": "",
    "技名\u0000string]": "雷神の心得",
    "タグ番号\u0000value]": "1",
    "習得タイミング\u0000string]": "心",
    "習得レベル\u0000string]": "5",
    "習得シナリオステータス\u0000special_scenariostatus]": "80ba001d",
    "説明\u0000string]": "ヒート状態で走行している時に攻撃で怯まない。\n雷神の如き不退転の心得。",
    "操作方法\u0000string]": "ヒート状態時に発動",
    "画像ファイル名\u0000string]": "045_raizin.dds"
  },
  "43": {
    "項目\u0000string_idx]": "",
    "技名\u0000string]": "玄武の気位",
    "タグ番号\u0000value]": "1",
    "習得タイミング\u0000string]": "心",
    "習得レベル\u0000string]": "6",
    "習得シナリオステータス\u0000special_scenariostatus]": "80ba001e",
    "説明\u0000string]": "防御を成功させることでヒートゲージが増加する。\n亀神の如き孤高の気位。",
    "操作方法\u0000string]": "<Sign:6>でのガード成功時に発動",
    "画像ファイル名\u0000string]": "046_genbu.dds"
  },
  "44": {
    "項目\u0000string_idx]": "",
    "技名\u0000string]": "真・剛体の心得",
    "タグ番号\u0000value]": "1",
    "習得タイミング\u0000string]": "心",
    "習得レベル\u0000string]": "7",
    "習得シナリオステータス\u0000special_scenariostatus]": "80ba001f",
    "説明\u0000string]": "ヒート状態時にダウンしづらくなる剛体術の奥義。",
    "操作方法\u0000string]": "ヒート状態時に発動",
    "画像ファイル名\u0000string]": "047_goutai2.dds"
  },
  "45": {
    "項目\u0000string_idx]": "",
    "技名\u0000string]": "青龍の気位",
    "タグ番号\u0000value]": "1",
    "習得タイミング\u0000string]": "心",
    "習得レベル\u0000string]": "8",
    "習得シナリオステータス\u0000special_scenariostatus]": "80ba0020",
    "説明\u0000string]": "ヒート状態である限り力尽きない。\n青き龍の如く不退転の力を得る気位。",
    "操作方法\u0000string]": "ヒート状態かつ体力赤点滅時に発動",
    "画像ファイル名\u0000string]": "048_seiryu.dds"
  },
  "46": {
    "項目\u0000string_idx]": "",
    "技名\u0000string]": "風神の心得",
    "タグ番号\u0000value]": "1",
    "習得タイミング\u0000string]": "心",
    "習得レベル\u0000string]": "9",
    "習得シナリオステータス\u0000special_scenariostatus]": "80ba0021",
    "説明\u0000string]": "冷静な状態でのスウェイのキレが増す。\n風神の如き心得。武器を持っていると無効。",
    "操作方法\u0000string]": "非ヒート状態時に<Sign:3>でスウェイ",
    "画像ファイル名\u0000string]": "049_fuzin.dds"
  },
  "47": {
    "項目\u0000string_idx]": "",
    "技名\u0000string]": "黄龍の気位",
    "タグ番号\u0000value]": "1",
    "習得タイミング\u0000string]": "心",
    "習得レベル\u0000string]": "10",
    "習得シナリオステータス\u0000special_scenariostatus]": "80ba0022",
    "説明\u0000string]": "最大限の力を込める事でヒートゲージが増加する。\n大地に君臨して四神を支配する黄龍の如き気位。",
    "操作方法\u0000string]": "<Sign:5>長押し",
    "画像ファイル名\u0000string]": "050_kouryu.dds"
  },
  "48": {
    "項目\u0000string_idx]": "「技」習得能力",
    "技名\u0000string]": "古牧流猫返り",
    "タグ番号\u0000value]": "1",
    "習得タイミング\u0000string]": "技",
    "習得レベル\u0000string]": "2",
    "習得シナリオステータス\u0000special_scenariostatus]": "80ba0023",
    "説明\u0000string]": "吹き飛ばされた際に素早く立ち上がり。\nダウン状態を回避できる古牧流に伝わる体術。",
    "操作方法\u0000string]": "吹っ飛び中で白い「気」を放つ間に<Sign:3>",
    "画像ファイル名\u0000string]": "051_komakineko.dds"
  },
  "49": {
    "項目\u0000string_idx]": "",
    "技名\u0000string]": "ライズキック",
    "タグ番号\u0000value]": "1",
    "習得タイミング\u0000string]": "技",
    "習得レベル\u0000string]": "3",
    "習得シナリオステータス\u0000special_scenariostatus]": "80ba0024",
    "説明\u0000string]": "ダウン状態から繰り出す反撃技。",
    "操作方法\u0000string]": "ダウン中に<Sign:2>",
    "画像ファイル名\u0000string]": "052_risekick.dds"
  },
  "50": {
    "項目\u0000string_idx]": "",
    "技名\u0000string]": "蓮家閃気掌",
    "タグ番号\u0000value]": "1",
    "習得タイミング\u0000string]": "技",
    "習得レベル\u0000string]": "4",
    "習得シナリオステータス\u0000special_scenariostatus]": "80ba0025",
    "説明\u0000string]": "蓮家に伝わる全身全霊をかけて打ち込む秘拳。\n相手の精神力を奪い取る効果がある。",
    "操作方法\u0000string]": "<Sign:1>をチャージキックより更に長押し",
    "画像ファイル名\u0000string]": "053_renkepunch1.dds"
  },
  "51": {
    "項目\u0000string_idx]": "",
    "技名\u0000string]": "ダブルフィニッシュブロウ",
    "タグ番号\u0000value]": "1",
    "習得タイミング\u0000string]": "技",
    "習得レベル\u0000string]": "5",
    "習得シナリオステータス\u0000special_scenariostatus]": "80ba0026",
    "説明\u0000string]": "フィニッシュブロウから更に繰り出す強烈な一撃。",
    "操作方法\u0000string]": "フィニッシュブロウ後に<Sign:1>",
    "画像ファイル名\u0000string]": "054_doublefinblow.dds"
  },
  "52": {
    "項目\u0000string_idx]": "",
    "技名\u0000string]": "古牧流捌き討ち",
    "タグ番号\u0000value]": "1",
    "習得タイミング\u0000string]": "技",
    "習得レベル\u0000string]": "6",
    "習得シナリオステータス\u0000special_scenariostatus]": "80ba0027",
    "説明\u0000string]": "スウェイから繰り出す一撃。\nスウェイの方向によって技内容や効果が異なる。",
    "操作方法\u0000string]": "スウェイ中に<Sign:1>",
    "画像ファイル名\u0000string]": "055_komakisabaki.dds"
  },
  "53": {
    "項目\u0000string_idx]": "",
    "技名\u0000string]": "ダウンリバーサル",
    "タグ番号\u0000value]": "1",
    "習得タイミング\u0000string]": "技",
    "習得レベル\u0000string]": "7",
    "習得シナリオステータス\u0000special_scenariostatus]": "80ba0028",
    "説明\u0000string]": "吹き飛ばされた状態から反撃に転じる。\n死中に活を求める一撃。",
    "操作方法\u0000string]": "吹っ飛び中で白い「気」を放つ間に<Sign:1>",
    "画像ファイル名\u0000string]": "056_downreversal.dds"
  },
  "54": {
    "項目\u0000string_idx]": "",
    "技名\u0000string]": "バウンドホールド",
    "タグ番号\u0000value]": "1",
    "習得タイミング\u0000string]": "技",
    "習得レベル\u0000string]": "8",
    "習得シナリオステータス\u0000special_scenariostatus]": "80ba0029",
    "説明\u0000string]": "フィニッシュブロウや敵の特定の状態から\n繰り出すことができる投げ技。",
    "操作方法\u0000string]": "ヒート状態時でフィニッシュブロウ後に<Sign:0>",
    "画像ファイル名\u0000string]": "057_boundhold.dds"
  },
  "55": {
    "項目\u0000string_idx]": "",
    "技名\u0000string]": "河内流解き投げ",
    "タグ番号\u0000value]": "1",
    "習得タイミング\u0000string]": "技",
    "習得レベル\u0000string]": "9",
    "習得シナリオステータス\u0000special_scenariostatus]": "80ba002a",
    "説明\u0000string]": "敵に掴まれた状態から繰り出す古流の投げ返し技。\n掴まれ方によっては繰り出せない場合もある。",
    "操作方法\u0000string]": "敵に掴まれている時に<Sign:0>連打",
    "画像ファイル名\u0000string]": "058_hodokinage.dds"
  },
  "56": {
    "項目\u0000string_idx]": "",
    "技名\u0000string]": "キャンセルスウェイ",
    "タグ番号\u0000value]": "1",
    "習得タイミング\u0000string]": "技",
    "習得レベル\u0000string]": "10",
    "習得シナリオステータス\u0000special_scenariostatus]": "80ba002b",
    "説明\u0000string]": "ラッシュコンボの途中からスウェイを繰り出せる。\nしかし闘気を消費するので、乱発は控えるべき。",
    "操作方法\u0000string]": "非ヒート状態時でラッシュコンボ中に<Sign:3>",
    "画像ファイル名\u0000string]": "059_cancelsway.dds"
  },
  "57": {
    "項目\u0000string_idx]": "「体」習得能力",
    "技名\u0000string]": "最大体力増加",
    "タグ番号\u0000value]": "2",
    "習得タイミング\u0000string]": "体",
    "習得レベル\u0000string]": "2345678910",
    "習得シナリオステータス\u0000special_scenariostatus]": "80ba000c",
    "説明\u0000string]": "体力ゲージの最大値が増加する",
    "操作方法\u0000string]": "体力ゲージ強化",
    "画像ファイル名\u0000string]": "060_plushp.dds"
  },
  "58": {
    "項目\u0000string_idx]": "",
    "技名\u0000string]": "エスケープ グレード1",
    "タグ番号\u0000value]": "1",
    "習得タイミング\u0000string]": "体",
    "習得レベル\u0000string]": "3",
    "習得シナリオステータス\u0000special_scenariostatus]": "80ba002c",
    "説明\u0000string]": "肉体の強化により掴まれた状態から早く脱出が可能。",
    "操作方法\u0000string]": "敵に掴まれている時に<Sign:3>ボタン連打",
    "画像ファイル名\u0000string]": "061_escape1.dds"
  },
  "59": {
    "項目\u0000string_idx]": "",
    "技名\u0000string]": "スピードアップ1",
    "タグ番号\u0000value]": "2",
    "習得タイミング\u0000string]": "技",
    "習得レベル\u0000string]": "3",
    "習得シナリオステータス\u0000special_scenariostatus]": "80ba0009",
    "説明\u0000string]": "連続攻撃の速度が増す。",
    "操作方法\u0000string]": "アクション全体を強化",
    "画像ファイル名\u0000string]": "062_speedup1.dds"
  },
  "60": {
    "項目\u0000string_idx]": "",
    "技名\u0000string]": "クイックスタンド1",
    "タグ番号\u0000value]": "1",
    "習得タイミング\u0000string]": "体",
    "習得レベル\u0000string]": "4",
    "習得シナリオステータス\u0000special_scenariostatus]": "80ba002d",
    "説明\u0000string]": "ダウン状態から立ち上がる時間が早まる。",
    "操作方法\u0000string]": "ボタンを乱連打",
    "画像ファイル名\u0000string]": "063_quickstand1.dds"
  },
  "61": {
    "項目\u0000string_idx]": "",
    "技名\u0000string]": "リガード",
    "タグ番号\u0000value]": "1",
    "習得タイミング\u0000string]": "体",
    "習得レベル\u0000string]": "5",
    "習得シナリオステータス\u0000special_scenariostatus]": "80ba002e",
    "説明\u0000string]": "ガードが崩されたピンチの状態を立て直し\n素早くガード状態に復帰させることができる",
    "操作方法\u0000string]": "ガードを崩されている最中に<Sign:6>",
    "画像ファイル名\u0000string]": "064_reguard.dds"
  },
  "62": {
    "項目\u0000string_idx]": "",
    "技名\u0000string]": "投げ威力増加",
    "タグ番号\u0000value]": "1",
    "習得タイミング\u0000string]": "体",
    "習得レベル\u0000string]": "6",
    "習得シナリオステータス\u0000special_scenariostatus]": "80ba002f",
    "説明\u0000string]": "投げ技の威力が増す。",
    "操作方法\u0000string]": "敵を掴んで<Sign:0>",
    "画像ファイル名\u0000string]": "065_throwdmg1.dds"
  },
  "63": {
    "項目\u0000string_idx]": "",
    "技名\u0000string]": "スピードアップ2",
    "タグ番号\u0000value]": "2",
    "習得タイミング\u0000string]": "技",
    "習得レベル\u0000string]": "6",
    "習得シナリオステータス\u0000special_scenariostatus]": "80ba000a",
    "説明\u0000string]": "連続攻撃の速度が更に増す。",
    "操作方法\u0000string]": "主に素手攻撃が高速化",
    "画像ファイル名\u0000string]": "066_speedup2.dds"
  },
  "64": {
    "項目\u0000string_idx]": "",
    "技名\u0000string]": "クイックスタンド2",
    "タグ番号\u0000value]": "1",
    "習得タイミング\u0000string]": "体",
    "習得レベル\u0000string]": "7",
    "習得シナリオステータス\u0000special_scenariostatus]": "80ba0030",
    "説明\u0000string]": "ダウン状態から立ち上がる時間が早まる。",
    "操作方法\u0000string]": "ボタンを乱連打",
    "画像ファイル名\u0000string]": "067_quickstand1.dds"
  },
  "65": {
    "項目\u0000string_idx]": "",
    "技名\u0000string]": "エスケープ グレード2",
    "タグ番号\u0000value]": "1",
    "習得タイミング\u0000string]": "体",
    "習得レベル\u0000string]": "8",
    "習得シナリオステータス\u0000special_scenariostatus]": "80ba0031",
    "説明\u0000string]": "肉体の強化により掴まれた状態から早く脱出が可能。",
    "操作方法\u0000string]": "敵に掴まれている時に<Sign:3>ボタン連打",
    "画像ファイル名\u0000string]": "068_escape2.dds"
  },
  "66": {
    "項目\u0000string_idx]": "",
    "技名\u0000string]": "投げ巻き込み威力強化",
    "タグ番号\u0000value]": "1",
    "習得タイミング\u0000string]": "体",
    "習得レベル\u0000string]": "9",
    "習得シナリオステータス\u0000special_scenariostatus]": "80ba0032",
    "説明\u0000string]": "投げ技で当てた敵のダメージが増す。",
    "操作方法\u0000string]": "敵を掴んで<Sign:0>",
    "画像ファイル名\u0000string]": "069_throwdmg2.dds"
  },
  "67": {
    "項目\u0000string_idx]": "",
    "技名\u0000string]": "スピードアップ3",
    "タグ番号\u0000value]": "2",
    "習得タイミング\u0000string]": "技",
    "習得レベル\u0000string]": "9",
    "習得シナリオステータス\u0000special_scenariostatus]": "80ba000b",
    "説明\u0000string]": "連続攻撃の速度が極まる。",
    "操作方法\u0000string]": "主に素手攻撃が高速化",
    "画像ファイル名\u0000string]": "070_speedup3.dds"
  },
  "68": {
    "項目\u0000string_idx]": "「極」習得能力",
    "技名\u0000string]": "レッドゲージ付加　1",
    "タグ番号\u0000value]": "2",
    "習得タイミング\u0000string]": "極",
    "習得レベル\u0000string]": "4",
    "習得シナリオステータス\u0000special_scenariostatus]": "80ba0015",
    "説明\u0000string]": "ヒートゲージの強化。このゾーンまで溜めると\n赤き闘気をまとう。強力な技を繰り出すために必要。",
    "操作方法\u0000string]": "ヒートゲージ右端に赤ゲージ追加",
    "画像ファイル名\u0000string]": "071_redgauge1.dds"
  },
  "69": {
    "項目\u0000string_idx]": "",
    "技名\u0000string]": "レッドゲージ付加　2",
    "タグ番号\u0000value]": "2",
    "習得タイミング\u0000string]": "極",
    "習得レベル\u0000string]": "7",
    "習得シナリオステータス\u0000special_scenariostatus]": "80ba0016",
    "説明\u0000string]": "ヒートゲージの強化第二弾。このゾーンまで溜めると\n赤き闘気をまとう。強力な技を繰り出すために必要。",
    "操作方法\u0000string]": "ヒートゲージ右端に赤ゲージ追加",
    "画像ファイル名\u0000string]": "072_redgauge2.dds"
  },
  "70": {
    "項目\u0000string_idx]": "",
    "技名\u0000string]": "レッドゲージ付加　3",
    "タグ番号\u0000value]": "2",
    "習得タイミング\u0000string]": "極",
    "習得レベル\u0000string]": "10",
    "習得シナリオステータス\u0000special_scenariostatus]": "80ba0017",
    "説明\u0000string]": "ヒートゲージの強化最終形。このゾーンまで溜めると\n赤き闘気をまとう。強力な技を繰り出すために必要。",
    "操作方法\u0000string]": "ヒートゲージ右端に赤ゲージ追加",
    "画像ファイル名\u0000string]": "073_redgauge3.dds"
  },
  "71": {
    "項目\u0000string_idx]": "",
    "技名\u0000string]": "汎用ヒートアクション強化",
    "タグ番号\u0000value]": "2",
    "習得タイミング\u0000string]": "極",
    "習得レベル\u0000string]": "69",
    "習得シナリオステータス\u0000special_scenariostatus]": "80ba0018",
    "説明\u0000string]": "壁撃の極み、台撃の極み、追討ちの極みで\n追加攻撃が可能。",
    "操作方法\u0000string]": "<Color:109,193,240,255>表示されたボタンを入力<Color:Default>",
    "画像ファイル名\u0000string]": "074_hact_gradeup.dds"
  },
  "72": {
    "項目\u0000string_idx]": "",
    "技名\u0000string]": "追討ちの極み",
    "タグ番号\u0000value]": "1",
    "習得タイミング\u0000string]": "極",
    "習得レベル\u0000string]": "2",
    "習得シナリオステータス\u0000special_scenariostatus]": "80ba0033",
    "説明\u0000string]": "ダウンしている敵に繰り出す非情の一撃。\n武器を持っている状態でも繰り出せる。",
    "操作方法\u0000string]": "<Color:109,193,240,255>ダウンした敵の近くで<Color:Default><Sign:1>",
    "画像ファイル名\u0000string]": "075_hact_oiuchi.dds"
  },
  "73": {
    "項目\u0000string_idx]": "",
    "技名\u0000string]": "投げ潰しの極み",
    "タグ番号\u0000value]": "1",
    "習得タイミング\u0000string]": "極",
    "習得レベル\u0000string]": "3",
    "習得シナリオステータス\u0000special_scenariostatus]": "80ba0034",
    "説明\u0000string]": "ダウンしている敵に他の敵を叩き落とす\n無情の一撃。",
    "操作方法\u0000string]": "<Color:109,193,240,255>敵を掴んでダウンした敵の近くで<Color:Default><Sign:1>",
    "画像ファイル名\u0000string]": "076_hact_nagetsubu.dds"
  },
  "74": {
    "項目\u0000string_idx]": "",
    "技名\u0000string]": "スイングの極み",
    "タグ番号\u0000value]": "1",
    "習得タイミング\u0000string]": "極",
    "習得レベル\u0000string]": "4",
    "習得シナリオステータス\u0000special_scenariostatus]": "80ba0035",
    "説明\u0000string]": "足を掴んでいる状態から繰り出す旋回技。\n近くに居る他の敵も巻き込める。",
    "操作方法\u0000string]": "<Color:109,193,240,255>足掴み中に<Color:Default><Sign:1>など",
    "画像ファイル名\u0000string]": "077_hact_swing.dds"
  },
  "75": {
    "項目\u0000string_idx]": "",
    "技名\u0000string]": "物怖じの極み",
    "タグ番号\u0000value]": "1",
    "習得タイミング\u0000string]": "極",
    "習得レベル\u0000string]": "5",
    "習得シナリオステータス\u0000special_scenariostatus]": "80ba0036",
    "説明\u0000string]": "武器を持ちながら驚きおののいている敵の\n虚をつく必殺奥義。",
    "操作方法\u0000string]": "<Color:109,193,240,255>武器を持ってビビっている敵の近くで<Color:Default><Sign:1>",
    "画像ファイル名\u0000string]": "078_hact_vswep.dds"
  },
  "76": {
    "項目\u0000string_idx]": "",
    "技名\u0000string]": "双頭の極み",
    "タグ番号\u0000value]": "1",
    "習得タイミング\u0000string]": "極",
    "習得レベル\u0000string]": "6",
    "習得シナリオステータス\u0000special_scenariostatus]": "80ba0037",
    "説明\u0000string]": "敵2人の頭を撃ちつける一石二鳥な一撃。\n掴んでいる敵の体格によって威力が異なる。",
    "操作方法\u0000string]": "<Color:109,193,240,255>敵を掴んで他の敵の近くで<Color:Default><Sign:1>",
    "画像ファイル名\u0000string]": "079_hact_doublehead.dds"
  },
  "77": {
    "項目\u0000string_idx]": "",
    "技名\u0000string]": "古牧流・無手返し",
    "タグ番号\u0000value]": "1",
    "習得タイミング\u0000string]": "極",
    "習得レベル\u0000string]": "7",
    "習得シナリオステータス\u0000special_scenariostatus]": "80ba0038",
    "説明\u0000string]": "襲い掛かってくる敵に対して繰り出せる流麗な技。\n前後左右によって型が異なる。",
    "操作方法\u0000string]": "<Color:109,193,240,255>敵が素手攻撃してきた時に<Color:Default><Sign:1>",
    "画像ファイル名\u0000string]": "080_hact_komakimute.dds"
  },
  "78": {
    "項目\u0000string_idx]": "",
    "技名\u0000string]": "古牧流・火縄封じ",
    "タグ番号\u0000value]": "1",
    "習得タイミング\u0000string]": "極",
    "習得レベル\u0000string]": "8",
    "習得シナリオステータス\u0000special_scenariostatus]": "80ba0039",
    "説明\u0000string]": "銃を持つ敵に対して繰り出す技。\n古牧師が現代用にアレンジしている。",
    "操作方法\u0000string]": "<Color:109,193,240,255>銃火器を持った敵の近くで<Color:Default><Sign:1>",
    "画像ファイル名\u0000string]": "081_hact_komakihinawa.dds"
  },
  "79": {
    "項目\u0000string_idx]": "",
    "技名\u0000string]": "追い込みの極み",
    "タグ番号\u0000value]": "1",
    "習得タイミング\u0000string]": "極",
    "習得レベル\u0000string]": "9",
    "習得シナリオステータス\u0000special_scenariostatus]": "80ba003a",
    "説明\u0000string]": "手負いの状態で繰り出す問答無用のパウンド連撃。\nヒートゲージが尽きるまで追加連撃が可能",
    "操作方法\u0000string]": "<Color:255,255,150,255>体力赤点滅<Color:Default>時に<Color:255,100,100,255>ダウンした敵の近くで<Color:Default><Sign:1>",
    "画像ファイル名\u0000string]": "082_hact_oikomi.dds"
  },
  "80": {
    "項目\u0000string_idx]": "",
    "技名\u0000string]": "究極の極み",
    "タグ番号\u0000value]": "1",
    "習得タイミング\u0000string]": "極",
    "習得レベル\u0000string]": "10",
    "習得シナリオステータス\u0000special_scenariostatus]": "80ba003b",
    "説明\u0000string]": "シンプルにしてシリアスな威力を誇る気合の一撃。",
    "操作方法\u0000string]": "<Color:255,100,100,255>グラついている敵の近くで<Color:Default><Sign:1>",
    "画像ファイル名\u0000string]": "083_hact_kyuukyoku.dds"
  },
  "81": {
    "項目\u0000string_idx]": "古牧流格闘術",
    "技名\u0000string]": "古牧流・猫返り",
    "タグ番号\u0000value]": "",
    "習得タイミング\u0000string]": "技Lv.2",
    "習得レベル\u0000string]": "",
    "習得シナリオステータス\u0000special_scenariostatus]": "80ba0023",
    "説明\u0000string]": "吹き飛ばされた際に素早く立ち上がり。\nダウン状態を回避できる古牧流に伝わる体術。",
    "操作方法\u0000string]": "吹っ飛び中に<Sign:3>",
    "画像ファイル名\u0000string]": "051_komakineko.dds"
  },
  "82": {
    "項目\u0000string_idx]": "",
    "技名\u0000string]": "古牧流・捌き討ち",
    "タグ番号\u0000value]": "",
    "習得タイミング\u0000string]": "技Lv.6",
    "習得レベル\u0000string]": "",
    "習得シナリオステータス\u0000special_scenariostatus]": "80ba0027",
    "説明\u0000string]": "スウェイから繰り出す一撃。\nスウェイの方向によって技内容や効果が異なる。",
    "操作方法\u0000string]": "スウェイ中に<Sign:1>",
    "画像ファイル名\u0000string]": "055_komakisabaki.dds"
  },
  "83": {
    "項目\u0000string_idx]": "",
    "技名\u0000string]": "古牧流・弾き返し",
    "タグ番号\u0000value]": "",
    "習得タイミング\u0000string]": "古牧より習得",
    "習得レベル\u0000string]": "",
    "習得シナリオステータス\u0000special_scenariostatus]": "80ba004c",
    "説明\u0000string]": "敵の攻撃を弾き返す古牧流三大奥義のひとつ。",
    "操作方法\u0000string]": "<Sign:4>で構えながら敵の攻撃に合わせて<Sign:6>",
    "画像ファイル名\u0000string]": "084_komakihajiki.dds"
  },
  "84": {
    "項目\u0000string_idx]": "",
    "技名\u0000string]": "古牧流・虎落とし",
    "タグ番号\u0000value]": "",
    "習得タイミング\u0000string]": "古牧より習得",
    "習得レベル\u0000string]": "",
    "習得シナリオステータス\u0000special_scenariostatus]": "80ba004d",
    "説明\u0000string]": "敵の攻撃に対するカウンター技で三大奥義のひとつ。\n虎をも屠る威力がある所からこの名が付いた。",
    "操作方法\u0000string]": "<Sign:4>で構えながら敵の攻撃に合わせて<Sign:1>",
    "画像ファイル名\u0000string]": "085_komakitoraotoshi.dds"
  },
  "85": {
    "項目\u0000string_idx]": "",
    "技名\u0000string]": "古牧流・受け流し",
    "タグ番号\u0000value]": "",
    "習得タイミング\u0000string]": "古牧より習得",
    "習得レベル\u0000string]": "",
    "習得シナリオステータス\u0000special_scenariostatus]": "80ba004e",
    "説明\u0000string]": "古牧流三大奥義のひとつ。最高奥義と言われるが\n威力は虎落としに劣る。何か理由があるようだ。",
    "操作方法\u0000string]": "<Sign:4>で構えながら敵の攻撃に合わせて<Sign:0>",
    "画像ファイル名\u0000string]": "086_komakiukenagashi.dds"
  },
  "86": {
    "項目\u0000string_idx]": "",
    "技名\u0000string]": "古牧流・達磨避け",
    "タグ番号\u0000value]": "",
    "習得タイミング\u0000string]": "古牧より習得",
    "習得レベル\u0000string]": "",
    "習得シナリオステータス\u0000special_scenariostatus]": "80ba005e",
    "説明\u0000string]": "スウェイから更に転がるなどで回避する体術。\n反撃する隙は失われるので、使い所に工夫が必要。",
    "操作方法\u0000string]": "スウェイ中に<Sign:3>",
    "画像ファイル名\u0000string]": "087_komakikorogari.dds"
  },
  "87": {
    "項目\u0000string_idx]": "",
    "技名\u0000string]": "古牧流・鉢崩し",
    "タグ番号\u0000value]": "",
    "習得タイミング\u0000string]": "古牧より習得",
    "習得レベル\u0000string]": "",
    "習得シナリオステータス\u0000special_scenariostatus]": "80ba004f",
    "説明\u0000string]": "背後の台に打ちつける古牧流最古の必殺奥義。\n頭を鉢のように壊すところから命名。",
    "操作方法\u0000string]": "<Color:109,193,240,255>正面に敵、背後に台がある時に<Sign:1>",
    "画像ファイル名\u0000string]": "088_komakihachi.dds"
  },
  "88": {
    "項目\u0000string_idx]": "",
    "技名\u0000string]": "古牧流・無刀転生",
    "タグ番号\u0000value]": "",
    "習得タイミング\u0000string]": "古牧より習得",
    "習得レベル\u0000string]": "",
    "習得シナリオステータス\u0000special_scenariostatus]": "80ba0050",
    "説明\u0000string]": "侍の時代に生まれたと言われる古牧流必殺奥義。\n宗太郎が無殺の技に改編。",
    "操作方法\u0000string]": "<Color:109,193,240,255>素手状態時に刀で攻撃して来た敵に向かって<Color:Default><Sign:1>",
    "画像ファイル名\u0000string]": "089_komakimutou.dds"
  },
  "89": {
    "項目\u0000string_idx]": "",
    "技名\u0000string]": "古牧流・王龍の極み",
    "タグ番号\u0000value]": "",
    "習得タイミング\u0000string]": "古牧より習得",
    "習得レベル\u0000string]": "",
    "習得シナリオステータス\u0000special_scenariostatus]": "80ba0051",
    "説明\u0000string]": "古牧流開祖が晩年に完成させたとされる最終奥義。\n無手返しで模した四神を超える存在から命名。",
    "操作方法\u0000string]": "<Color:255,100,100,255>古牧流・受け流しを受けて気絶した敵に<Color:Default><Sign:1>",
    "画像ファイル名\u0000string]": "090_komakiouryu.dds"
  },
  "90": {
    "項目\u0000string_idx]": "IF7取得技",
    "技名\u0000string]": "拳武器技",
    "タグ番号\u0000value]": "",
    "習得タイミング\u0000string]": "ＩＦ７で習得",
    "習得レベル\u0000string]": "",
    "習得シナリオステータス\u0000special_scenariostatus]": "80ba005b",
    "説明\u0000string]": "メリケンサックなど拳にはめて使う武器。\nIF7での玉城との闘いからヒントを得た。",
    "操作方法\u0000string]": "<Sign:0><Sign:3><Sign:1><Sign:2>など",
    "画像ファイル名\u0000string]": "091_wep_meriken.dds"
  },
  "91": {
    "項目\u0000string_idx]": "",
    "技名\u0000string]": "剛力の極み",
    "タグ番号\u0000value]": "",
    "習得タイミング\u0000string]": "ＩＦ７で習得",
    "習得レベル\u0000string]": "",
    "習得シナリオステータス\u0000special_scenariostatus]": "80ba0047",
    "説明\u0000string]": "力任せに叩きつける大技。\nIF7での神田の豪腕ぶりからヒントを得た。",
    "操作方法\u0000string]": "<Color:109,193,240,255>大きな武器を持った敵の近くで<Color:Default><Sign:1>",
    "画像ファイル名\u0000string]": "092_hact_gouriki.dds"
  },
  "92": {
    "項目\u0000string_idx]": "",
    "技名\u0000string]": "余裕の紫煙",
    "タグ番号\u0000value]": "",
    "習得タイミング\u0000string]": "ＩＦ７で習得",
    "習得レベル\u0000string]": "",
    "習得シナリオステータス\u0000special_scenariostatus]": "80ba0048",
    "説明\u0000string]": "余裕の一服を敵の目前で行う。\nIF7での真島のケンカ中の笑いからヒントを得た。",
    "操作方法\u0000string]": "素手状態で方向キー下を入力",
    "画像ファイル名\u0000string]": "093_tobacco.dds"
  },
  "93": {
    "項目\u0000string_idx]": "",
    "技名\u0000string]": "真・蓮家閃気掌",
    "タグ番号\u0000value]": "",
    "習得タイミング\u0000string]": "ＩＦ７で習得",
    "習得レベル\u0000string]": "",
    "習得シナリオステータス\u0000special_scenariostatus]": "80ba0049",
    "説明\u0000string]": "蓮家に伝わる秘拳の威力を更に高めた魔拳。\nIF7での劉家龍の使う技を応用した。",
    "操作方法\u0000string]": "<Sign:1>をチャージキックより更に長押し",
    "画像ファイル名\u0000string]": "094_renkepunch2.dds"
  },
  "94": {
    "項目\u0000string_idx]": "",
    "技名\u0000string]": "神龍の護り",
    "タグ番号\u0000value]": "",
    "習得タイミング\u0000string]": "ＩＦ７で習得",
    "習得レベル\u0000string]": "",
    "習得シナリオステータス\u0000special_scenariostatus]": "80ba004a",
    "説明\u0000string]": "敵の武器を瞬時のガードで破壊する神秘の技。\nIF7での風間 譲二との戦いで習得。",
    "操作方法\u0000string]": "構えながら武器を持った敵の攻撃に合わせて<Sign:6>",
    "画像ファイル名\u0000string]": "095_shinryuguard.dds"
  },
  "95": {
    "項目\u0000string_idx]": "",
    "技名\u0000string]": "修羅の気位",
    "タグ番号\u0000value]": "",
    "習得タイミング\u0000string]": "ＩＦ７で習得",
    "習得レベル\u0000string]": "",
    "習得シナリオステータス\u0000special_scenariostatus]": "80ba004b",
    "説明\u0000string]": "内なる自分との戦いに勝利し得た最終能力。\nヒート状態を失う代わりに体力を少量回復。",
    "操作方法\u0000string]": "<Color:255,100,100,255>Ｌ3とＲ3を同時押し<Color:Default>",
    "画像ファイル名\u0000string]": "096_final.dds"
  },
  "96": {
    "項目\u0000string_idx]": "与那城流武器闘技",
    "技名\u0000string]": "ヌンチャク",
    "タグ番号\u0000value]": "",
    "習得タイミング\u0000string]": "与那城より伝授",
    "習得レベル\u0000string]": "",
    "習得シナリオステータス\u0000special_scenariostatus]": "80ba005a",
    "説明\u0000string]": "沖縄発祥の独特な武器。連撃速度は随一の性能。\n手数で勝負すべき相手に有効。",
    "操作方法\u0000string]": "<Sign:0><Sign:3><Sign:1><Sign:2>など",
    "画像ファイル名\u0000string]": "097_wep_nunnchaku.dds"
  },
  "97": {
    "項目\u0000string_idx]": "",
    "技名\u0000string]": "トンファー",
    "タグ番号\u0000value]": "",
    "習得タイミング\u0000string]": "与那城より伝授",
    "習得レベル\u0000string]": "",
    "習得シナリオステータス\u0000special_scenariostatus]": "80ba005c",
    "説明\u0000string]": "沖縄武術を端に発した武器。\n畳み掛けるように敵を倒す威力がある。",
    "操作方法\u0000string]": "<Sign:0><Sign:3><Sign:1><Sign:2>など",
    "画像ファイル名\u0000string]": "098_wep_tonfa.dds"
  },
  "98": {
    "項目\u0000string_idx]": "",
    "技名\u0000string]": "カリスティック",
    "タグ番号\u0000value]": "",
    "習得タイミング\u0000string]": "与那城より伝授",
    "習得レベル\u0000string]": "",
    "習得シナリオステータス\u0000special_scenariostatus]": "80ba005d",
    "説明\u0000string]": "フィリピン武術発祥の武器。\n全方向からの攻撃を防ぐ事ができる。",
    "操作方法\u0000string]": "<Sign:0><Sign:3><Sign:1><Sign:2>など",
    "画像ファイル名\u0000string]": "099_wep_kalistick.dds"
  },
  "99": {
    "項目\u0000string_idx]": "天啓技",
    "技名\u0000string]": "跳躍の極み",
    "タグ番号\u0000value]": "",
    "習得タイミング\u0000string]": "天啓を得て習得",
    "習得レベル\u0000string]": "",
    "習得シナリオステータス\u0000special_scenariostatus]": "80ba0045",
    "説明\u0000string]": "ガードレールなどを足場にして繰り出す見事な一撃。\nスターのポスターに夢中なおばさんを見て閃いた。",
    "操作方法\u0000string]": "<Color:109,193,240,255>敵との間に柵がある状態で<Color:Default><Sign:1>",
    "画像ファイル名\u0000string]": "107_hact_cyouyaku.dds"
  },
  "100": {
    "項目\u0000string_idx]": "",
    "技名\u0000string]": "超追討ちの極み・床地獄",
    "タグ番号\u0000value]": "",
    "習得タイミング\u0000string]": "天啓を得て習得",
    "習得レベル\u0000string]": "",
    "習得シナリオステータス\u0000special_scenariostatus]": "80ba0041",
    "説明\u0000string]": "次々と間接技を繰り出す怒涛の一撃。\nバナナの皮一枚で酷い目にあった男を見て閃いた。",
    "操作方法\u0000string]": "<Color:109,193,240,255>ボスとの戦いで超追討ちの極みを起動させて選択<Color:Default>",
    "画像ファイル名\u0000string]": "108_hact_yukajigoku.dds"
  },
  "101": {
    "項目\u0000string_idx]": "",
    "技名\u0000string]": "ポールダンスの極み",
    "タグ番号\u0000value]": "",
    "習得タイミング\u0000string]": "天啓を得て習得",
    "習得レベル\u0000string]": "",
    "習得シナリオステータス\u0000special_scenariostatus]": "80ba003d",
    "説明\u0000string]": "敵に巻きつき、なぎ倒す華麗な一撃。\nポールダンスをする酔っ払いを見て閃いた。",
    "操作方法\u0000string]": "<Color:109,193,240,255>挑発をしている敵に<Color:Default><Sign:1>",
    "画像ファイル名\u0000string]": "101_hact_poledance.dds"
  },
  "102": {
    "項目\u0000string_idx]": "",
    "技名\u0000string]": "超追討ちの極み・人柱戯",
    "タグ番号\u0000value]": "",
    "習得タイミング\u0000string]": "天啓を得て習得",
    "習得レベル\u0000string]": "",
    "習得シナリオステータス\u0000special_scenariostatus]": "80ba0042",
    "説明\u0000string]": "ボス敵を使って、周囲の敵を一掃する大技。\nボウリング場での全力でのストライクを見て閃いた。",
    "操作方法\u0000string]": "<Color:109,193,240,255>ボスとの戦いで超追討ちの極みを起動させて選択<Color:Default>",
    "画像ファイル名\u0000string]": "109_hact_jinncyuugi.dds"
  },
  "103": {
    "項目\u0000string_idx]": "",
    "技名\u0000string]": "前転の極み",
    "タグ番号\u0000value]": "",
    "習得タイミング\u0000string]": "天啓を得て習得",
    "習得レベル\u0000string]": "",
    "習得シナリオステータス\u0000special_scenariostatus]": "80ba0044",
    "説明\u0000string]": "前転から繰り出す流れるような一撃。\nバッティングセンターの哀れな男を見て閃いた。",
    "操作方法\u0000string]": "<Color:109,193,240,255>古牧流・転避術で前に転がりつつ<Color:Default><Sign:1>",
    "画像ファイル名\u0000string]": "106_hact_zenntenn.dds"
  },
  "104": {
    "項目\u0000string_idx]": "",
    "技名\u0000string]": "自爆の極み",
    "タグ番号\u0000value]": "",
    "習得タイミング\u0000string]": "天啓を得て習得",
    "習得レベル\u0000string]": "",
    "習得シナリオステータス\u0000special_scenariostatus]": "80ba003c",
    "説明\u0000string]": "敵が持っている大きな武器を利用した一撃。\n蕎麦屋の出前の様子を見て閃いた。",
    "操作方法\u0000string]": "<Color:109,193,240,255>両手大型武器を持って攻撃してくる敵に<Color:Default><Sign:1>",
    "画像ファイル名\u0000string]": "100_hact_jibaku.dds"
  },
  "105": {
    "項目\u0000string_idx]": "",
    "技名\u0000string]": "解縛の極み",
    "タグ番号\u0000value]": "",
    "習得タイミング\u0000string]": "天啓を得て習得",
    "習得レベル\u0000string]": "",
    "習得シナリオステータス\u0000special_scenariostatus]": "80ba003e",
    "説明\u0000string]": "掴みかかる敵を殴り、振り解く一撃。\n酔っ払いに絡まれる女子校生の一撃で閃いた。",
    "操作方法\u0000string]": "<Color:255,100,100,255>敵に掴まれている時に<Color:Default><Sign:1>",
    "画像ファイル名\u0000string]": "102_hact_kaibaku.dds"
  },
  "106": {
    "項目\u0000string_idx]": "",
    "技名\u0000string]": "逆転の極み",
    "タグ番号\u0000value]": "",
    "習得タイミング\u0000string]": "天啓を得て習得",
    "習得レベル\u0000string]": "",
    "習得シナリオステータス\u0000special_scenariostatus]": "80ba0043",
    "説明\u0000string]": "倒れている状態から繰り出す逆転の一撃。\nおもちゃ屋に入りたいと暴れる子供から閃きを得た。",
    "操作方法\u0000string]": "<Color:109,193,240,255>ダウン状態時に<Color:Default><Sign:1>",
    "画像ファイル名\u0000string]": "105_hact_gyakuten.dds"
  },
  "107": {
    "項目\u0000string_idx]": "",
    "技名\u0000string]": "酔鉄山の極み",
    "タグ番号\u0000value]": "",
    "習得タイミング\u0000string]": "天啓を得て習得",
    "習得レベル\u0000string]": "",
    "習得シナリオステータス\u0000special_scenariostatus]": "80ba003f",
    "説明\u0000string]": "酔いに任せて繰り出す強力なショルダータックル。\n琉球街の酔っ払いを見て閃いた。",
    "操作方法\u0000string]": "<Color:109,193,240,255>酔い状態時に構えて敵の攻撃に合わせて<Color:Default><Sign:1>",
    "画像ファイル名\u0000string]": "103_hact_yoitetsuzan.dds"
  },
  "108": {
    "項目\u0000string_idx]": "",
    "技名\u0000string]": "驚愕の極み",
    "タグ番号\u0000value]": "",
    "習得タイミング\u0000string]": "天啓を得て習得",
    "習得レベル\u0000string]": "",
    "習得シナリオステータス\u0000special_scenariostatus]": "80ba0040",
    "説明\u0000string]": "素早い動きから繰り出される連続攻撃。\n鮮やかにティッシュを配る女を見て閃いた。",
    "操作方法\u0000string]": "<Color:109,193,240,255>走り状態から<Color:Default><Sign:1>",
    "画像ファイル名\u0000string]": "104_hact_kyougaku.dds"
  },
  "109": {
    "項目\u0000string_idx]": "古文書技",
    "技名\u0000string]": "秘剣・巻鳶斬り",
    "タグ番号\u0000value]": "",
    "習得タイミング\u0000string]": "書物より習得",
    "習得レベル\u0000string]": "",
    "習得シナリオステータス\u0000special_scenariostatus]": "80ba0053",
    "説明\u0000string]": "宮本武蔵が編み出したと言われる必殺奥義。\nトビが獲物を巻き込んで捕獲する様子から命名。",
    "操作方法\u0000string]": "<Color:109,193,240,255>刀使用時に敵の刀攻撃に合わせて<Color:Default><Sign:1>",
    "画像ファイル名\u0000string]": "110_hact_makitobi.dds"
  },
  "110": {
    "項目\u0000string_idx]": "",
    "技名\u0000string]": "秘剣・荒れ牛",
    "タグ番号\u0000value]": "",
    "習得タイミング\u0000string]": "書物より習得",
    "習得レベル\u0000string]": "",
    "習得シナリオステータス\u0000special_scenariostatus]": "80ba0054",
    "説明\u0000string]": "宮本武蔵が編み出したと言われる必殺奥義。\n暴れる牛の突進の様子から命名。",
    "操作方法\u0000string]": "<Color:255,100,100,255>刀使用時に構えて<Color:Default><Sign:1>",
    "画像ファイル名\u0000string]": "111_hact_areushi.dds"
  },
  "111": {
    "項目\u0000string_idx]": "",
    "技名\u0000string]": "必殺剣・踊り猫",
    "タグ番号\u0000value]": "",
    "習得タイミング\u0000string]": "書物より習得",
    "習得レベル\u0000string]": "",
    "習得シナリオステータス\u0000special_scenariostatus]": "80ba0055",
    "説明\u0000string]": "宮本武蔵が編み出したと言われる必殺奥義。\n猫の軽やかな二段跳躍の様子から命名。",
    "操作方法\u0000string]": "<Color:109,193,240,255>カリスティック使用時に遠距離から構えて<Color:Default><Sign:1>",
    "画像ファイル名\u0000string]": "112_hact_odorineko.dds"
  },
  "112": {
    "項目\u0000string_idx]": "",
    "技名\u0000string]": "必殺剣・二天",
    "タグ番号\u0000value]": "",
    "習得タイミング\u0000string]": "書物より習得",
    "習得レベル\u0000string]": "",
    "習得シナリオステータス\u0000special_scenariostatus]": "80ba0056",
    "説明\u0000string]": "宮本武蔵が編み出したと言われる必殺奥義。\n二天一流の凄みが感じられる技。",
    "操作方法\u0000string]": "<Color:255,100,100,255>カリスティック使用時に<Color:Default><Sign:1>",
    "画像ファイル名\u0000string]": "113_hact_niten.dds"
  },
  "113": {
    "項目\u0000string_idx]": "",
    "技名\u0000string]": "剛剣・蝿啼かせ",
    "タグ番号\u0000value]": "",
    "習得タイミング\u0000string]": "書物より習得",
    "習得レベル\u0000string]": "",
    "習得シナリオステータス\u0000special_scenariostatus]": "80ba0057",
    "説明\u0000string]": "宮本武蔵が編み出したと言われる必殺奥義。\n蝿を叩き潰す様子から命名。",
    "操作方法\u0000string]": "<Color:109,193,240,255>ハンマー使用時に壁の近くで<Color:Default><Sign:1>",
    "画像ファイル名\u0000string]": "114_hact_haenakase.dds"
  },
  "114": {
    "項目\u0000string_idx]": "",
    "技名\u0000string]": "組小太刀・幻狼",
    "タグ番号\u0000value]": "",
    "習得タイミング\u0000string]": "書物より習得",
    "習得レベル\u0000string]": "",
    "習得シナリオステータス\u0000special_scenariostatus]": "80ba0059",
    "説明\u0000string]": "宮本武蔵が編み出したと言われる必殺奥義。\n電光石火の動きを見せた狼から命名。",
    "操作方法\u0000string]": "<Color:109,193,240,255>ナイフ系武器使用時に複数の敵の近くで<Color:Default><Sign:1>",
    "画像ファイル名\u0000string]": "115_hact_genrou.dds"
  },
  "115": {
    "項目\u0000string_idx]": "必殺奥義全集",
    "技名\u0000string]": "地撃の極み",
    "タグ番号\u0000value]": "",
    "習得タイミング\u0000string]": "",
    "習得レベル\u0000string]": "",
    "習得シナリオステータス\u0000special_scenariostatus]": "80010001",
    "説明\u0000string]": "その場の地形を生かした豪快な一撃。\n必殺奥義の基本中の基本。",
    "操作方法\u0000string]": "<Color:109,193,240,255>敵を掴んで特定地形の近くで<Color:Default><Sign:1>",
    "画像ファイル名\u0000string]": "116_hact.dds"
  },
  "116": {
    "項目\u0000string_idx]": "",
    "技名\u0000string]": "武器の極み",
    "タグ番号\u0000value]": "",
    "習得タイミング\u0000string]": "",
    "習得レベル\u0000string]": "",
    "習得シナリオステータス\u0000special_scenariostatus]": "80010001",
    "説明\u0000string]": "武器の性能を生かした変幻自在な一撃。\n掴めない敵に対しては特に有効な攻撃。",
    "操作方法\u0000string]": "<Color:109,193,240,255>武器を持って<Color:Default><Sign:1>",
    "画像ファイル名\u0000string]": "117_hact.dds"
  },
  "117": {
    "項目\u0000string_idx]": "",
    "技名\u0000string]": "追討ちの極み",
    "タグ番号\u0000value]": "",
    "習得タイミング\u0000string]": "極Lv.2",
    "習得レベル\u0000string]": "",
    "習得シナリオステータス\u0000special_scenariostatus]": "80ba0033",
    "説明\u0000string]": "ダウンしている敵に繰り出す非情の一撃\n武器を持っている状態でも繰り出せる。",
    "操作方法\u0000string]": "<Color:109,193,240,255>ダウンした敵の近くで<Color:Default><Sign:1>",
    "画像ファイル名\u0000string]": "075_hact_oiuchi.dds"
  },
  "118": {
    "項目\u0000string_idx]": "",
    "技名\u0000string]": "投げ潰しの極み",
    "タグ番号\u0000value]": "",
    "習得タイミング\u0000string]": "極Lv.3",
    "習得レベル\u0000string]": "",
    "習得シナリオステータス\u0000special_scenariostatus]": "80ba0034",
    "説明\u0000string]": "ダウンしている敵に他の敵を叩き落とす\n無情の一撃。",
    "操作方法\u0000string]": "<Color:109,193,240,255>敵を掴んでダウンした敵の近くで<Color:Default><Sign:1>",
    "画像ファイル名\u0000string]": "076_hact_nagetsubu.dds"
  },
  "119": {
    "項目\u0000string_idx]": "",
    "技名\u0000string]": "スイングの極み",
    "タグ番号\u0000value]": "",
    "習得タイミング\u0000string]": "極Lv.4",
    "習得レベル\u0000string]": "",
    "習得シナリオステータス\u0000special_scenariostatus]": "80ba0035",
    "説明\u0000string]": "足を掴んでいる状態から繰り出す旋回技\n近くに居る他の敵も巻き込める。",
    "操作方法\u0000string]": "<Color:109,193,240,255>足掴み中に<Color:Default><Sign:1>など",
    "画像ファイル名\u0000string]": "077_hact_swing.dds"
  },
  "120": {
    "項目\u0000string_idx]": "",
    "技名\u0000string]": "紫煙の極み",
    "タグ番号\u0000value]": "",
    "習得タイミング\u0000string]": "極Lv.5",
    "習得レベル\u0000string]": "",
    "習得シナリオステータス\u0000special_scenariostatus]": "80ba0048",
    "説明\u0000string]": "敵の目の前でタバコを吸う事で余裕を見せ、\n舐められたと思った敵の怒りを利用する必殺奥義。",
    "操作方法\u0000string]": "<Color:109,193,240,255>タバコを吸っている最中に<Color:Default><Sign:1>",
    "画像ファイル名\u0000string]": "093_tobacco.dds"
  },
  "121": {
    "項目\u0000string_idx]": "",
    "技名\u0000string]": "物怖じの極み",
    "タグ番号\u0000value]": "",
    "習得タイミング\u0000string]": "極Lv.5",
    "習得レベル\u0000string]": "",
    "習得シナリオステータス\u0000special_scenariostatus]": "80ba0036",
    "説明\u0000string]": "武器を持ちながら驚きおののいている敵の\n虚をつく必殺奥義。",
    "操作方法\u0000string]": "<Color:109,193,240,255>武器を持ってビビっている敵の近くで<Color:Default><Sign:1>",
    "画像ファイル名\u0000string]": "078_hact_vswep.dds"
  },
  "122": {
    "項目\u0000string_idx]": "",
    "技名\u0000string]": "双頭の極み",
    "タグ番号\u0000value]": "",
    "習得タイミング\u0000string]": "極Lv.6",
    "習得レベル\u0000string]": "",
    "習得シナリオステータス\u0000special_scenariostatus]": "80ba0037",
    "説明\u0000string]": "敵2人の頭を撃ちつける一石二鳥な一撃\n掴んでいる敵の体格によって威力が異なる。",
    "操作方法\u0000string]": "<Color:109,193,240,255>敵を掴んで他の敵の近くで<Color:Default><Sign:1>",
    "画像ファイル名\u0000string]": "079_hact_doublehead.dds"
  },
  "123": {
    "項目\u0000string_idx]": "",
    "技名\u0000string]": "古牧流・無手返し",
    "タグ番号\u0000value]": "",
    "習得タイミング\u0000string]": "極Lv.7",
    "習得レベル\u0000string]": "",
    "習得シナリオステータス\u0000special_scenariostatus]": "80ba0038",
    "説明\u0000string]": "襲い掛かってくる敵に対して繰り出せる流麗な技\n前後左右によって型が異なる。",
    "操作方法\u0000string]": "<Color:109,193,240,255>敵が素手攻撃してきた時に<Color:Default><Sign:1>",
    "画像ファイル名\u0000string]": "080_hact_komakimute.dds"
  },
  "124": {
    "項目\u0000string_idx]": "",
    "技名\u0000string]": "古牧流・火縄封じ",
    "タグ番号\u0000value]": "",
    "習得タイミング\u0000string]": "極Lv.8",
    "習得レベル\u0000string]": "",
    "習得シナリオステータス\u0000special_scenariostatus]": "80ba0039",
    "説明\u0000string]": "銃を持つ敵に対して繰り出す技。\n古牧師が現代用にアレンジしている。",
    "操作方法\u0000string]": "<Color:109,193,240,255>銃火器を持った敵の近くで<Color:Default><Sign:1>",
    "画像ファイル名\u0000string]": "081_hact_komakihinawa.dds"
  },
  "125": {
    "項目\u0000string_idx]": "",
    "技名\u0000string]": "追い込みの極み",
    "タグ番号\u0000value]": "",
    "習得タイミング\u0000string]": "極Lv.9",
    "習得レベル\u0000string]": "",
    "習得シナリオステータス\u0000special_scenariostatus]": "80ba003a",
    "説明\u0000string]": "手負いの状態で繰り出す問答無用のパウンド連撃。\nヒートゲージが尽きるまで追加連撃が可能",
    "操作方法\u0000string]": "<Color:255,255,150,255>体力赤点滅<Color:Default>時に<Color:255,100,100,255>ダウンした敵の近くで<Color:Default><Sign:1>",
    "画像ファイル名\u0000string]": "082_hact_oikomi.dds"
  },
  "126": {
    "項目\u0000string_idx]": "",
    "技名\u0000string]": "究極の極み",
    "タグ番号\u0000value]": "",
    "習得タイミング\u0000string]": "極Lv.10",
    "習得レベル\u0000string]": "",
    "習得シナリオステータス\u0000special_scenariostatus]": "80ba003b",
    "説明\u0000string]": "シンプルにしてシリアスな威力を誇る気合の一撃。",
    "操作方法\u0000string]": "<Color:255,100,100,255>グラついている敵の近くで<Color:Default><Sign:1>",
    "画像ファイル名\u0000string]": "083_hact_kyuukyoku.dds"
  },
  "127": {
    "項目\u0000string_idx]": "",
    "技名\u0000string]": "剛力の極み",
    "タグ番号\u0000value]": "",
    "習得タイミング\u0000string]": "ＩＦ７で習得",
    "習得レベル\u0000string]": "",
    "習得シナリオステータス\u0000special_scenariostatus]": "80ba0047",
    "説明\u0000string]": "力任せに叩きつける大技。\nIF7での神田の豪腕ぶりからヒントを得た。",
    "操作方法\u0000string]": "<Color:255,100,100,255>敵を掴んで<Color:Default><Sign:1>",
    "画像ファイル名\u0000string]": "092_hact_gouriki.dds"
  },
  "128": {
    "項目\u0000string_idx]": "",
    "技名\u0000string]": "古牧流・鉢崩し",
    "タグ番号\u0000value]": "",
    "習得タイミング\u0000string]": "古牧より習得",
    "習得レベル\u0000string]": "",
    "習得シナリオステータス\u0000special_scenariostatus]": "80ba004f",
    "説明\u0000string]": "背後の台に打ちつける古牧流最古の必殺奥義。\n頭を鉢のように壊すところから命名。",
    "操作方法\u0000string]": "<Color:109,193,240,255>背後に台がある時に<Color:Default><Sign:1>",
    "画像ファイル名\u0000string]": "088_komakihachi.dds"
  },
  "129": {
    "項目\u0000string_idx]": "",
    "技名\u0000string]": "古牧流・無刀転生",
    "タグ番号\u0000value]": "",
    "習得タイミング\u0000string]": "古牧より習得",
    "習得レベル\u0000string]": "",
    "習得シナリオステータス\u0000special_scenariostatus]": "80ba0050",
    "説明\u0000string]": "侍の時代に生まれたと言われる古牧流必殺奥義。\n宗太郎が無殺の技に改編。",
    "操作方法\u0000string]": "<Color:109,193,240,255>刀で攻撃して来た敵に向かって<Color:Default><Sign:1>",
    "画像ファイル名\u0000string]": "089_komakimutou.dds"
  },
  "130": {
    "項目\u0000string_idx]": "",
    "技名\u0000string]": "古牧流・王龍の極み",
    "タグ番号\u0000value]": "",
    "習得タイミング\u0000string]": "古牧より習得",
    "習得レベル\u0000string]": "",
    "習得シナリオステータス\u0000special_scenariostatus]": "80ba0051",
    "説明\u0000string]": "古牧流開祖が晩年に完成させたとされる最終奥義。\n無手返しで模した四神を超える存在から命名。",
    "操作方法\u0000string]": "<Color:255,100,100,255>古牧流・受け流しを受けて気絶した敵に<Color:Default><Sign:1>",
    "画像ファイル名\u0000string]": "090_komakiouryu.dds"
  },
  "131": {
    "項目\u0000string_idx]": "",
    "技名\u0000string]": "自爆の極み",
    "タグ番号\u0000value]": "",
    "習得タイミング\u0000string]": "天啓を得て習得",
    "習得レベル\u0000string]": "",
    "習得シナリオステータス\u0000special_scenariostatus]": "80ba003c",
    "説明\u0000string]": "敵が持っている大きな武器を利用した一撃。\n蕎麦屋の出前の様子を見て閃いた。",
    "操作方法\u0000string]": "<Color:109,193,240,255>両手大型武器を持って攻撃してくる敵に<Color:Default><Sign:1>",
    "画像ファイル名\u0000string]": "100_hact_jibaku.dds"
  },
  "132": {
    "項目\u0000string_idx]": "",
    "技名\u0000string]": "ポールダンスの極み",
    "タグ番号\u0000value]": "",
    "習得タイミング\u0000string]": "天啓を得て習得",
    "習得レベル\u0000string]": "",
    "習得シナリオステータス\u0000special_scenariostatus]": "80ba003d",
    "説明\u0000string]": "敵に巻きつき、なぎ倒す華麗な一撃。\nポールダンスをする酔っ払いを見て閃いた。",
    "操作方法\u0000string]": "<Color:109,193,240,255>挑発をしている敵に<Color:Default><Sign:1>",
    "画像ファイル名\u0000string]": "101_hact_poledance.dds"
  },
  "133": {
    "項目\u0000string_idx]": "",
    "技名\u0000string]": "解縛の極み",
    "タグ番号\u0000value]": "",
    "習得タイミング\u0000string]": "天啓を得て習得",
    "習得レベル\u0000string]": "",
    "習得シナリオステータス\u0000special_scenariostatus]": "80ba003e",
    "説明\u0000string]": "掴みかかる敵を殴り、振り解く一撃。\n酔っ払いに絡まれる女子校生の一撃で閃いた。",
    "操作方法\u0000string]": "<Color:255,100,100,255>敵に掴まれている時に<Color:Default><Sign:1>",
    "画像ファイル名\u0000string]": "102_hact_kaibaku.dds"
  },
  "134": {
    "項目\u0000string_idx]": "",
    "技名\u0000string]": "酔鉄山の極み",
    "タグ番号\u0000value]": "",
    "習得タイミング\u0000string]": "天啓を得て習得",
    "習得レベル\u0000string]": "",
    "習得シナリオステータス\u0000special_scenariostatus]": "80ba003f",
    "説明\u0000string]": "酔いに任せて繰り出す強力なショルダータックル。\n琉球街の酔っ払いを見て閃いた。",
    "操作方法\u0000string]": "<Color:109,193,240,255>酔い状態時に構えて敵の攻撃に合わせて<Color:Default><Sign:1>",
    "画像ファイル名\u0000string]": "103_hact_yoitetsuzan.dds"
  },
  "135": {
    "項目\u0000string_idx]": "",
    "技名\u0000string]": "驚愕の極み",
    "タグ番号\u0000value]": "",
    "習得タイミング\u0000string]": "天啓を得て習得",
    "習得レベル\u0000string]": "",
    "習得シナリオステータス\u0000special_scenariostatus]": "80ba0040",
    "説明\u0000string]": "素早い動きから繰り出される連続攻撃\n鮮やかにティッシュを配る女を見て閃いた。",
    "操作方法\u0000string]": "<Color:109,193,240,255>走り状態から<Color:Default><Sign:1>",
    "画像ファイル名\u0000string]": "104_hact_kyougaku.dds"
  },
  "136": {
    "項目\u0000string_idx]": "",
    "技名\u0000string]": "逆転の極み",
    "タグ番号\u0000value]": "",
    "習得タイミング\u0000string]": "天啓を得て習得",
    "習得レベル\u0000string]": "",
    "習得シナリオステータス\u0000special_scenariostatus]": "80ba0043",
    "説明\u0000string]": "倒れている状態から繰り出す逆転の一撃。\nおもちゃ屋に入りたいと暴れる子供から閃きを得た。",
    "操作方法\u0000string]": "<Color:109,193,240,255>ダウン状態時に<Color:Default><Sign:1>",
    "画像ファイル名\u0000string]": "105_hact_gyakuten.dds"
  },
  "137": {
    "項目\u0000string_idx]": "",
    "技名\u0000string]": "前転の極み",
    "タグ番号\u0000value]": "",
    "習得タイミング\u0000string]": "天啓を得て習得",
    "習得レベル\u0000string]": "",
    "習得シナリオステータス\u0000special_scenariostatus]": "80ba0043",
    "説明\u0000string]": "前転から繰り出す流れるような一撃。\nバッティングセンターの哀れな男を見て閃いた。",
    "操作方法\u0000string]": "<Color:109,193,240,255>古牧流・転避術で前に転がりつつ<Color:Default><Sign:1>",
    "画像ファイル名\u0000string]": "106_hact_zenntenn.dds"
  },
  "138": {
    "項目\u0000string_idx]": "",
    "技名\u0000string]": "跳躍の極み",
    "タグ番号\u0000value]": "",
    "習得タイミング\u0000string]": "天啓を得て習得",
    "習得レベル\u0000string]": "",
    "習得シナリオステータス\u0000special_scenariostatus]": "80ba0045",
    "説明\u0000string]": "ガードレールなどを足場にして繰り出す見事な一撃。\nスターのポスターに夢中なおばさんを見て閃いた。",
    "操作方法\u0000string]": "<Color:109,193,240,255>敵との間に柵がある状態で<Color:Default><Sign:1>",
    "画像ファイル名\u0000string]": "107_hact_cyouyaku.dds"
  },
  "139": {
    "項目\u0000string_idx]": "",
    "技名\u0000string]": "超追討ちの極み・破顔撃",
    "タグ番号\u0000value]": "",
    "習得タイミング\u0000string]": "",
    "習得レベル\u0000string]": "",
    "習得シナリオステータス\u0000special_scenariostatus]": "80010001",
    "説明\u0000string]": "強敵を追い詰める基本となる連撃。",
    "操作方法\u0000string]": "<Color:109,193,240,255>ボスとの戦いで超追討ちの極みを起動させて選択<Color:Default>",
    "画像ファイル名\u0000string]": "120_hact.dds"
  },
  "140": {
    "項目\u0000string_idx]": "",
    "技名\u0000string]": "超追討ちの極み・床地獄",
    "タグ番号\u0000value]": "",
    "習得タイミング\u0000string]": "天啓を得て習得",
    "習得レベル\u0000string]": "",
    "習得シナリオステータス\u0000special_scenariostatus]": "80ba0041",
    "説明\u0000string]": "次々と間接技を繰り出す怒涛の一撃。\nバナナの皮一枚で酷い目にあった男を見て閃いた。",
    "操作方法\u0000string]": "<Color:109,193,240,255>ボスとの戦いで超追討ちの極みを起動させて選択<Color:Default>",
    "画像ファイル名\u0000string]": "108_hact_yukajigoku.dds"
  },
  "141": {
    "項目\u0000string_idx]": "",
    "技名\u0000string]": "超追討ちの極み・人柱戯",
    "タグ番号\u0000value]": "",
    "習得タイミング\u0000string]": "天啓を得て習得",
    "習得レベル\u0000string]": "",
    "習得シナリオステータス\u0000special_scenariostatus]": "80ba0042",
    "説明\u0000string]": "ボス敵を使って、周囲の敵を一掃する大技。\nボウリング場での全力でのストライクを見て閃いた。",
    "操作方法\u0000string]": "<Color:109,193,240,255>ボスとの戦いで超追討ちの極みを起動させて選択<Color:Default>",
    "画像ファイル名\u0000string]": "109_hact_jinncyuugi.dds"
  },
  "142": {
    "項目\u0000string_idx]": "",
    "技名\u0000string]": "秘剣・巻鳶斬り",
    "タグ番号\u0000value]": "",
    "習得タイミング\u0000string]": "書物より習得",
    "習得レベル\u0000string]": "",
    "習得シナリオステータス\u0000special_scenariostatus]": "80ba0053",
    "説明\u0000string]": "宮本武蔵が編み出したと言われる必殺奥義。\nトビが獲物を巻き込んで捕獲する様子から命名。",
    "操作方法\u0000string]": "<Color:109,193,240,255>刀使用時に敵の刀攻撃に合わせて<Color:Default><Sign:1>",
    "画像ファイル名\u0000string]": "110_hact_makitobi.dds"
  },
  "143": {
    "項目\u0000string_idx]": "",
    "技名\u0000string]": "秘剣・荒れ牛",
    "タグ番号\u0000value]": "",
    "習得タイミング\u0000string]": "書物より習得",
    "習得レベル\u0000string]": "",
    "習得シナリオステータス\u0000special_scenariostatus]": "80ba0054",
    "説明\u0000string]": "宮本武蔵が編み出したと言われる必殺奥義。\n暴れる牛の突進の様子から命名。",
    "操作方法\u0000string]": "<Color:255,100,100,255>刀使用時に構えて<Color:Default><Sign:1>",
    "画像ファイル名\u0000string]": "111_hact_areushi.dds"
  },
  "144": {
    "項目\u0000string_idx]": "",
    "技名\u0000string]": "必殺剣・踊り猫",
    "タグ番号\u0000value]": "",
    "習得タイミング\u0000string]": "書物より習得",
    "習得レベル\u0000string]": "",
    "習得シナリオステータス\u0000special_scenariostatus]": "80ba0055",
    "説明\u0000string]": "宮本武蔵が編み出したと言われる必殺奥義。\n猫の軽やかな二段跳躍の様子から命名。",
    "操作方法\u0000string]": "<Color:109,193,240,255>カリスティック使用時に遠距離から構えて<Color:Default><Sign:1>",
    "画像ファイル名\u0000string]": "112_hact_odorineko.dds"
  },
  "145": {
    "項目\u0000string_idx]": "",
    "技名\u0000string]": "必殺剣・二天",
    "タグ番号\u0000value]": "",
    "習得タイミング\u0000string]": "書物より習得",
    "習得レベル\u0000string]": "",
    "習得シナリオステータス\u0000special_scenariostatus]": "80ba0056",
    "説明\u0000string]": "宮本武蔵が編み出したと言われる必殺奥義。\n二天一流の凄みが感じられる技。",
    "操作方法\u0000string]": "<Color:109,193,240,255>カリスティック使用時に気絶した敵に<Color:Default><Sign:1>",
    "画像ファイル名\u0000string]": "113_hact_niten.dds"
  },
  "146": {
    "項目\u0000string_idx]": "",
    "技名\u0000string]": "剛剣・蝿啼かせ",
    "タグ番号\u0000value]": "",
    "習得タイミング\u0000string]": "書物より習得",
    "習得レベル\u0000string]": "",
    "習得シナリオステータス\u0000special_scenariostatus]": "80ba0057",
    "説明\u0000string]": "宮本武蔵が編み出したと言われる必殺奥義。\n蝿を叩き潰す様子から命名。",
    "操作方法\u0000string]": "<Color:109,193,240,255>ハンマー系武器使用時に壁の近くで<Color:Default><Sign:1>",
    "画像ファイル名\u0000string]": "114_hact_haenakase.dds"
  },
  "147": {
    "項目\u0000string_idx]": "",
    "技名\u0000string]": "組小太刀・幻狼",
    "タグ番号\u0000value]": "",
    "習得タイミング\u0000string]": "書物より習得",
    "習得レベル\u0000string]": "",
    "習得シナリオステータス\u0000special_scenariostatus]": "80ba0059",
    "説明\u0000string]": "宮本武蔵が編み出したと言われる必殺奥義。\n電光石火の動きを見せた狼から命名。",
    "操作方法\u0000string]": "<Color:109,193,240,255>ナイフ系武器使用時に複数の敵の近くで<Color:Default><Sign:1>",
    "画像ファイル名\u0000string]": "115_hact_genrou.dds"
  },
  "types": {
    "項目\u0000string_idx]": "string_idx",
    "技名\u0000string]": "string",
    "タグ番号\u0000value]": "value",
    "習得タイミング\u0000string]": "string",
    "習得レベル\u0000string]": "string",
    "習得シナリオステータス\u0000special_scenariostatus]": "special_scenariostatus",
    "説明\u0000string]": "string",
    "操作方法\u0000string]": "string",
    "画像ファイル名\u0000string]": "string"
  }
}