{
  "0": {
    "NAME": "Rio",
    "CLUB": "Shine",
    "BIRTHDAY": "29 Ottobre",
    "HEIGHT": "154 cm",
    "BLOOD_TYPE": "A",
    "CONSTELLATION": "Scorpione",
    "FAVORITE": "Gyoza, cioccolato",
    "HATE": "Gamberetti crudi",
    "PICT_NAME": "2d_cf_prof_rio.dds",
    "PICT_NAME2": "2d_cf_prof_rio_c.dds",
    "ROMAN_NAME": "Shine",
    "SCENARIO_STATUS": "80940000",
    "EXPLANATION": "Hai ottenuto il biglietto da visita di Rio dello Shine.",
    "CONTENTS_EXP": "Pu# essere richiesta solo da Akiyama."
  },
  "1": {
    "NAME": "",
    "CLUB": "",
    "BIRTHDAY": "",
    "HEIGHT": "",
    "BLOOD_TYPE": "",
    "CONSTELLATION": "",
    "FAVORITE": "",
    "HATE": "",
    "PICT_NAME": "",
    "PICT_NAME2": "",
    "ROMAN_NAME": "",
    "SCENARIO_STATUS": "80940006",
    "EXPLANATION": "Uscito a un appuntamento con Rio e mi sono divertito un sacco.",
    "CONTENTS_EXP": ""
  },
  "2": {
    "NAME": "",
    "CLUB": "",
    "BIRTHDAY": "",
    "HEIGHT": "",
    "BLOOD_TYPE": "",
    "CONSTELLATION": "",
    "FAVORITE": "",
    "HATE": "",
    "PICT_NAME": "",
    "PICT_NAME2": "",
    "ROMAN_NAME": "",
    "SCENARIO_STATUS": "80940007",
    "EXPLANATION": "Uscito a un appuntamento con Rio e mi sono divertito un sacco.",
    "CONTENTS_EXP": ""
  },
  "3": {
    "NAME": "",
    "CLUB": "",
    "BIRTHDAY": "",
    "HEIGHT": "",
    "BLOOD_TYPE": "",
    "CONSTELLATION": "",
    "FAVORITE": "",
    "HATE": "",
    "PICT_NAME": "",
    "PICT_NAME2": "",
    "ROMAN_NAME": "",
    "SCENARIO_STATUS": "80940008",
    "EXPLANATION": "Uscito a un appuntamento con Rio e mi sono divertito un sacco.",
    "CONTENTS_EXP": ""
  },
  "4": {
    "NAME": "",
    "CLUB": "",
    "BIRTHDAY": "",
    "HEIGHT": "",
    "BLOOD_TYPE": "",
    "CONSTELLATION": "",
    "FAVORITE": "",
    "HATE": "",
    "PICT_NAME": "",
    "PICT_NAME2": "",
    "ROMAN_NAME": "",
    "SCENARIO_STATUS": "8094000a",
    "EXPLANATION": "Uscito a un appuntamento con Rio e mi sono divertito un sacco.",
    "CONTENTS_EXP": ""
  },
  "5": {
    "NAME": "",
    "CLUB": "",
    "BIRTHDAY": "",
    "HEIGHT": "",
    "BLOOD_TYPE": "",
    "CONSTELLATION": "",
    "FAVORITE": "",
    "HATE": "",
    "PICT_NAME": "",
    "PICT_NAME2": "",
    "ROMAN_NAME": "",
    "SCENARIO_STATUS": "8094000b",
    "EXPLANATION": "Uscito a un appuntamento con Rio e mi sono divertito un sacco.",
    "CONTENTS_EXP": ""
  },
  "6": {
    "NAME": "",
    "CLUB": "",
    "BIRTHDAY": "",
    "HEIGHT": "",
    "BLOOD_TYPE": "",
    "CONSTELLATION": "",
    "FAVORITE": "",
    "HATE": "",
    "PICT_NAME": "",
    "PICT_NAME2": "",
    "ROMAN_NAME": "",
    "SCENARIO_STATUS": "8094000c",
    "EXPLANATION": "Uscito a un appuntamento con Rio e mi sono divertito un sacco.",
    "CONTENTS_EXP": ""
  },
  "7": {
    "NAME": "",
    "CLUB": "",
    "BIRTHDAY": "",
    "HEIGHT": "",
    "BLOOD_TYPE": "",
    "CONSTELLATION": "",
    "FAVORITE": "",
    "HATE": "",
    "PICT_NAME": "",
    "PICT_NAME2": "",
    "ROMAN_NAME": "",
    "SCENARIO_STATUS": "8094000e",
    "EXPLANATION": "Dovrei indagare su questa Shino Productions che vuole assumere Rio come \"modella pin-up\". Se ricordo bene, il manager di Asia dovrebbe saperne di pi&.",
    "CONTENTS_EXP": ""
  },
  "8": {
    "NAME": "",
    "CLUB": "",
    "BIRTHDAY": "",
    "HEIGHT": "",
    "BLOOD_TYPE": "",
    "CONSTELLATION": "",
    "FAVORITE": "",
    "HATE": "",
    "PICT_NAME": "",
    "PICT_NAME2": "",
    "ROMAN_NAME": "",
    "SCENARIO_STATUS": "8094000f",
    "EXPLANATION": "Sapevo che la Shino Productions era losca. La reputazione di Rio potrebbe essere in pericolo. Devo andare a salvarla, subito!",
    "CONTENTS_EXP": ""
  },
  "9": {
    "NAME": "",
    "CLUB": "",
    "BIRTHDAY": "",
    "HEIGHT": "",
    "BLOOD_TYPE": "",
    "CONSTELLATION": "",
    "FAVORITE": "",
    "HATE": "",
    "PICT_NAME": "",
    "PICT_NAME2": "",
    "ROMAN_NAME": "",
    "SCENARIO_STATUS": "80940011",
    "EXPLANATION": "Questi teppisti pensano di passarla liscia costringendo una signora a spogliarsi. ^ ora di dargli una lezione.",
    "CONTENTS_EXP": ""
  },
  "10": {
    "NAME": "",
    "CLUB": "",
    "BIRTHDAY": "",
    "HEIGHT": "",
    "BLOOD_TYPE": "",
    "CONSTELLATION": "",
    "FAVORITE": "",
    "HATE": "",
    "PICT_NAME": "",
    "PICT_NAME2": "",
    "ROMAN_NAME": "",
    "SCENARIO_STATUS": "80940014",
    "EXPLANATION": "Ho passato dei momenti fantastici con Rio.",
    "CONTENTS_EXP": ""
  },
  "11": {
    "NAME": "Himeka Kawasaki",
    "CLUB": "Shine",
    "BIRTHDAY": "7 Agosto",
    "HEIGHT": "150 cm",
    "BLOOD_TYPE": "O",
    "CONSTELLATION": "Leone",
    "FAVORITE": "Fegato crudo, kushikatsu",
    "HATE": "Pomodori, peperoni",
    "PICT_NAME": "2d_cf_prof_kawasaki.dds",
    "PICT_NAME2": "2d_cf_prof_kawasaki_c.dds",
    "ROMAN_NAME": "Shine",
    "SCENARIO_STATUS": "80960000",
    "EXPLANATION": "Hai ottenuto il biglietto da visita di Himeka Kawasaki dello Shine.",
    "CONTENTS_EXP": "Pu# essere richiesta solo da Tanimura."
  },
  "12": {
    "NAME": "",
    "CLUB": "",
    "BIRTHDAY": "",
    "HEIGHT": "",
    "BLOOD_TYPE": "",
    "CONSTELLATION": "",
    "FAVORITE": "",
    "HATE": "",
    "PICT_NAME": "",
    "PICT_NAME2": "",
    "ROMAN_NAME": "",
    "SCENARIO_STATUS": "80960006",
    "EXPLANATION": "Uscito a un appuntamento con Himeka e mi sono divertito un sacco.",
    "CONTENTS_EXP": ""
  },
  "13": {
    "NAME": "",
    "CLUB": "",
    "BIRTHDAY": "",
    "HEIGHT": "",
    "BLOOD_TYPE": "",
    "CONSTELLATION": "",
    "FAVORITE": "",
    "HATE": "",
    "PICT_NAME": "",
    "PICT_NAME2": "",
    "ROMAN_NAME": "",
    "SCENARIO_STATUS": "80960007",
    "EXPLANATION": "Uscito a un appuntamento con Himeka e mi sono divertito un sacco.",
    "CONTENTS_EXP": ""
  },
  "14": {
    "NAME": "",
    "CLUB": "",
    "BIRTHDAY": "",
    "HEIGHT": "",
    "BLOOD_TYPE": "",
    "CONSTELLATION": "",
    "FAVORITE": "",
    "HATE": "",
    "PICT_NAME": "",
    "PICT_NAME2": "",
    "ROMAN_NAME": "",
    "SCENARIO_STATUS": "80960008",
    "EXPLANATION": "Uscito a un appuntamento con Himeka e mi sono divertito un sacco.",
    "CONTENTS_EXP": ""
  },
  "15": {
    "NAME": "",
    "CLUB": "",
    "BIRTHDAY": "",
    "HEIGHT": "",
    "BLOOD_TYPE": "",
    "CONSTELLATION": "",
    "FAVORITE": "",
    "HATE": "",
    "PICT_NAME": "",
    "PICT_NAME2": "",
    "ROMAN_NAME": "",
    "SCENARIO_STATUS": "8096000a",
    "EXPLANATION": "Uscito a un appuntamento con Himeka e mi sono divertito un sacco.",
    "CONTENTS_EXP": ""
  },
  "16": {
    "NAME": "",
    "CLUB": "",
    "BIRTHDAY": "",
    "HEIGHT": "",
    "BLOOD_TYPE": "",
    "CONSTELLATION": "",
    "FAVORITE": "",
    "HATE": "",
    "PICT_NAME": "",
    "PICT_NAME2": "",
    "ROMAN_NAME": "",
    "SCENARIO_STATUS": "8096000b",
    "EXPLANATION": "Uscito a un appuntamento con Himeka e mi sono divertito un sacco.",
    "CONTENTS_EXP": ""
  },
  "17": {
    "NAME": "",
    "CLUB": "",
    "BIRTHDAY": "",
    "HEIGHT": "",
    "BLOOD_TYPE": "",
    "CONSTELLATION": "",
    "FAVORITE": "",
    "HATE": "",
    "PICT_NAME": "",
    "PICT_NAME2": "",
    "ROMAN_NAME": "",
    "SCENARIO_STATUS": "8096000c",
    "EXPLANATION": "Uscito a un appuntamento con Himeka e mi sono divertito un sacco.",
    "CONTENTS_EXP": ""
  },
  "18": {
    "NAME": "",
    "CLUB": "",
    "BIRTHDAY": "",
    "HEIGHT": "",
    "BLOOD_TYPE": "",
    "CONSTELLATION": "",
    "FAVORITE": "",
    "HATE": "",
    "PICT_NAME": "",
    "PICT_NAME2": "",
    "ROMAN_NAME": "",
    "SCENARIO_STATUS": "8096000d",
    "EXPLANATION": "Un tipo di nome Kashiwabara stava facendo una scenata nel negozio di Himeka. Mi chiedo se sia ancora nei dintorni dello Shine?",
    "CONTENTS_EXP": ""
  },
  "19": {
    "NAME": "",
    "CLUB": "",
    "BIRTHDAY": "",
    "HEIGHT": "",
    "BLOOD_TYPE": "",
    "CONSTELLATION": "",
    "FAVORITE": "",
    "HATE": "",
    "PICT_NAME": "",
    "PICT_NAME2": "",
    "ROMAN_NAME": "",
    "SCENARIO_STATUS": "8096000e",
    "EXPLANATION": "^ ora di insegnare a Natsuki e al suo ragazzo, Kashiwabara, che bullizzare una signora non | giusto.",
    "CONTENTS_EXP": ""
  },
  "20": {
    "NAME": "",
    "CLUB": "",
    "BIRTHDAY": "",
    "HEIGHT": "",
    "BLOOD_TYPE": "",
    "CONSTELLATION": "",
    "FAVORITE": "",
    "HATE": "",
    "PICT_NAME": "",
    "PICT_NAME2": "",
    "ROMAN_NAME": "",
    "SCENARIO_STATUS": "80960013",
    "EXPLANATION": "Ho passato dei momenti fantastici con Himeka.",
    "CONTENTS_EXP": ""
  },
  "21": {
    "NAME": "Shizuka Saito",
    "CLUB": "Shine",
    "BIRTHDAY": "3 Dicembre",
    "HEIGHT": "158 cm",
    "BLOOD_TYPE": "O",
    "CONSTELLATION": "Sagittario",
    "FAVORITE": "Cheesecake",
    "HATE": "Cibo piccante",
    "PICT_NAME": "2d_cf_prof_saito.dds",
    "PICT_NAME2": "2d_cf_prof_saito_c.dds",
    "ROMAN_NAME": "Shine",
    "SCENARIO_STATUS": "80950000",
    "EXPLANATION": "Hai ottenuto il biglietto da visita di Shizuka dello Shine.",
    "CONTENTS_EXP": "Pu# essere richiesta solo da Kiryu."
  },
  "22": {
    "NAME": "",
    "CLUB": "",
    "BIRTHDAY": "",
    "HEIGHT": "",
    "BLOOD_TYPE": "",
    "CONSTELLATION": "",
    "FAVORITE": "",
    "HATE": "",
    "PICT_NAME": "",
    "PICT_NAME2": "",
    "ROMAN_NAME": "",
    "SCENARIO_STATUS": "80950006",
    "EXPLANATION": "Uscito a un appuntamento con Shizuka e mi sono divertito un sacco.",
    "CONTENTS_EXP": ""
  },
  "23": {
    "NAME": "",
    "CLUB": "",
    "BIRTHDAY": "",
    "HEIGHT": "",
    "BLOOD_TYPE": "",
    "CONSTELLATION": "",
    "FAVORITE": "",
    "HATE": "",
    "PICT_NAME": "",
    "PICT_NAME2": "",
    "ROMAN_NAME": "",
    "SCENARIO_STATUS": "80950007",
    "EXPLANATION": "Uscito a un appuntamento con Shizuka e mi sono divertito un sacco.",
    "CONTENTS_EXP": ""
  },
  "24": {
    "NAME": "",
    "CLUB": "",
    "BIRTHDAY": "",
    "HEIGHT": "",
    "BLOOD_TYPE": "",
    "CONSTELLATION": "",
    "FAVORITE": "",
    "HATE": "",
    "PICT_NAME": "",
    "PICT_NAME2": "",
    "ROMAN_NAME": "",
    "SCENARIO_STATUS": "80950008",
    "EXPLANATION": "Uscito a un appuntamento con Shizuka e mi sono divertito un sacco.",
    "CONTENTS_EXP": ""
  },
  "25": {
    "NAME": "",
    "CLUB": "",
    "BIRTHDAY": "",
    "HEIGHT": "",
    "BLOOD_TYPE": "",
    "CONSTELLATION": "",
    "FAVORITE": "",
    "HATE": "",
    "PICT_NAME": "",
    "PICT_NAME2": "",
    "ROMAN_NAME": "",
    "SCENARIO_STATUS": "8095000a",
    "EXPLANATION": "Uscito a un appuntamento con Shizuka e mi sono divertito un sacco.",
    "CONTENTS_EXP": ""
  },
  "26": {
    "NAME": "",
    "CLUB": "",
    "BIRTHDAY": "",
    "HEIGHT": "",
    "BLOOD_TYPE": "",
    "CONSTELLATION": "",
    "FAVORITE": "",
    "HATE": "",
    "PICT_NAME": "",
    "PICT_NAME2": "",
    "ROMAN_NAME": "",
    "SCENARIO_STATUS": "8095000b",
    "EXPLANATION": "Uscito a un appuntamento con Shizuka e mi sono divertito un sacco.",
    "CONTENTS_EXP": ""
  },
  "27": {
    "NAME": "",
    "CLUB": "",
    "BIRTHDAY": "",
    "HEIGHT": "",
    "BLOOD_TYPE": "",
    "CONSTELLATION": "",
    "FAVORITE": "",
    "HATE": "",
    "PICT_NAME": "",
    "PICT_NAME2": "",
    "ROMAN_NAME": "",
    "SCENARIO_STATUS": "8095000c",
    "EXPLANATION": "Uscito a un appuntamento con Shizuka e mi sono divertito un sacco.",
    "CONTENTS_EXP": ""
  },
  "28": {
    "NAME": "",
    "CLUB": "",
    "BIRTHDAY": "",
    "HEIGHT": "",
    "BLOOD_TYPE": "",
    "CONSTELLATION": "",
    "FAVORITE": "",
    "HATE": "",
    "PICT_NAME": "",
    "PICT_NAME2": "",
    "ROMAN_NAME": "",
    "SCENARIO_STATUS": "80950012",
    "EXPLANATION": "Un borseggiatore ha rubato la borsa di Shizuka e se n'| andato di corsa. Ha delle cose importanti l* dentro, quindi devo trovare il colpevole e riportargliela indietro.",
    "CONTENTS_EXP": ""
  },
  "29": {
    "NAME": "",
    "CLUB": "",
    "BIRTHDAY": "",
    "HEIGHT": "",
    "BLOOD_TYPE": "",
    "CONSTELLATION": "",
    "FAVORITE": "",
    "HATE": "",
    "PICT_NAME": "",
    "PICT_NAME2": "",
    "ROMAN_NAME": "",
    "SCENARIO_STATUS": "80950013",
    "EXPLANATION": "Ho trovato il tizio che ha rubato la borsa di Shizuka. ^ ora di arrestarlo e riprenderle la borsa.",
    "CONTENTS_EXP": ""
  },
  "30": {
    "NAME": "",
    "CLUB": "",
    "BIRTHDAY": "",
    "HEIGHT": "",
    "BLOOD_TYPE": "",
    "CONSTELLATION": "",
    "FAVORITE": "",
    "HATE": "",
    "PICT_NAME": "",
    "PICT_NAME2": "",
    "ROMAN_NAME": "",
    "SCENARIO_STATUS": "80950018",
    "EXPLANATION": "Ho passato dei momenti fantastici con Shizuka.",
    "CONTENTS_EXP": ""
  },
  "31": {
    "NAME": "Noa Mizutani",
    "CLUB": "Jewel",
    "BIRTHDAY": "9 Febbraio",
    "HEIGHT": "160 cm",
    "BLOOD_TYPE": "B",
    "CONSTELLATION": "Acquario",
    "FAVORITE": "Miso katsu, torta",
    "HATE": "Sedano",
    "PICT_NAME": "2d_cf_prof_mizutani.dds",
    "PICT_NAME2": "2d_cf_prof_mizutani_c.dds",
    "ROMAN_NAME": "Jewel",
    "SCENARIO_STATUS": "80980000",
    "EXPLANATION": "Hai ottenuto il biglietto da visita di Noa Mizutani del Jewel.",
    "CONTENTS_EXP": "Pu# essere richiesta solo da Akiyama."
  },
  "32": {
    "NAME": "",
    "CLUB": "",
    "BIRTHDAY": "",
    "HEIGHT": "",
    "BLOOD_TYPE": "",
    "CONSTELLATION": "",
    "FAVORITE": "",
    "HATE": "",
    "PICT_NAME": "",
    "PICT_NAME2": "",
    "ROMAN_NAME": "",
    "SCENARIO_STATUS": "80980006",
    "EXPLANATION": "Uscito a un appuntamento con Noa e mi sono divertito un sacco.",
    "CONTENTS_EXP": ""
  },
  "33": {
    "NAME": "",
    "CLUB": "",
    "BIRTHDAY": "",
    "HEIGHT": "",
    "BLOOD_TYPE": "",
    "CONSTELLATION": "",
    "FAVORITE": "",
    "HATE": "",
    "PICT_NAME": "",
    "PICT_NAME2": "",
    "ROMAN_NAME": "",
    "SCENARIO_STATUS": "80980007",
    "EXPLANATION": "Uscito a un appuntamento con Noa e mi sono divertito un sacco.",
    "CONTENTS_EXP": ""
  },
  "34": {
    "NAME": "",
    "CLUB": "",
    "BIRTHDAY": "",
    "HEIGHT": "",
    "BLOOD_TYPE": "",
    "CONSTELLATION": "",
    "FAVORITE": "",
    "HATE": "",
    "PICT_NAME": "",
    "PICT_NAME2": "",
    "ROMAN_NAME": "",
    "SCENARIO_STATUS": "80980008",
    "EXPLANATION": "Uscito a un appuntamento con Noa e mi sono divertito un sacco.",
    "CONTENTS_EXP": ""
  },
  "35": {
    "NAME": "",
    "CLUB": "",
    "BIRTHDAY": "",
    "HEIGHT": "",
    "BLOOD_TYPE": "",
    "CONSTELLATION": "",
    "FAVORITE": "",
    "HATE": "",
    "PICT_NAME": "",
    "PICT_NAME2": "",
    "ROMAN_NAME": "",
    "SCENARIO_STATUS": "8098000a",
    "EXPLANATION": "Uscito a un appuntamento con Noa e mi sono divertito un sacco.",
    "CONTENTS_EXP": ""
  },
  "36": {
    "NAME": "",
    "CLUB": "",
    "BIRTHDAY": "",
    "HEIGHT": "",
    "BLOOD_TYPE": "",
    "CONSTELLATION": "",
    "FAVORITE": "",
    "HATE": "",
    "PICT_NAME": "",
    "PICT_NAME2": "",
    "ROMAN_NAME": "",
    "SCENARIO_STATUS": "8098000b",
    "EXPLANATION": "Uscito a un appuntamento con Noa e mi sono divertito un sacco.",
    "CONTENTS_EXP": ""
  },
  "37": {
    "NAME": "",
    "CLUB": "",
    "BIRTHDAY": "",
    "HEIGHT": "",
    "BLOOD_TYPE": "",
    "CONSTELLATION": "",
    "FAVORITE": "",
    "HATE": "",
    "PICT_NAME": "",
    "PICT_NAME2": "",
    "ROMAN_NAME": "",
    "SCENARIO_STATUS": "8098000c",
    "EXPLANATION": "Uscito a un appuntamento con Noa e mi sono divertito un sacco.",
    "CONTENTS_EXP": ""
  },
  "38": {
    "NAME": "",
    "CLUB": "",
    "BIRTHDAY": "",
    "HEIGHT": "",
    "BLOOD_TYPE": "",
    "CONSTELLATION": "",
    "FAVORITE": "",
    "HATE": "",
    "PICT_NAME": "",
    "PICT_NAME2": "",
    "ROMAN_NAME": "",
    "SCENARIO_STATUS": "8098000d",
    "EXPLANATION": "Sembra che lo stalker di Noa stia causando problemi. Meglio che mi affretti al centro commerciale sotterraneo per controllare la situazione.",
    "CONTENTS_EXP": ""
  },
  "39": {
    "NAME": "",
    "CLUB": "",
    "BIRTHDAY": "",
    "HEIGHT": "",
    "BLOOD_TYPE": "",
    "CONSTELLATION": "",
    "FAVORITE": "",
    "HATE": "",
    "PICT_NAME": "",
    "PICT_NAME2": "",
    "ROMAN_NAME": "",
    "SCENARIO_STATUS": "8098000e",
    "EXPLANATION": "Devo fare qualcosa per respingere questi stalker che stanno infastidendo Noa.",
    "CONTENTS_EXP": ""
  },
  "40": {
    "NAME": "",
    "CLUB": "",
    "BIRTHDAY": "",
    "HEIGHT": "",
    "BLOOD_TYPE": "",
    "CONSTELLATION": "",
    "FAVORITE": "",
    "HATE": "",
    "PICT_NAME": "",
    "PICT_NAME2": "",
    "ROMAN_NAME": "",
    "SCENARIO_STATUS": "80980011",
    "EXPLANATION": "Ho passato dei momenti fantastici con Noa.",
    "CONTENTS_EXP": ""
  },
  "41": {
    "NAME": "Erena Aihara",
    "CLUB": "Jewel",
    "BIRTHDAY": "6 Aprile",
    "HEIGHT": "153 cm",
    "BLOOD_TYPE": "O",
    "CONSTELLATION": "Ariete",
    "FAVORITE": "Sashimi di fegato",
    "HATE": "Piselli",
    "PICT_NAME": "2d_cf_prof_aihara.dds",
    "PICT_NAME2": "2d_cf_prof_aihara_c.dds",
    "ROMAN_NAME": "Jewel",
    "SCENARIO_STATUS": "80990000",
    "EXPLANATION": "Hai ottenuto il biglietto da visita di Erena del Jewel.",
    "CONTENTS_EXP": "Pu# essere richiesta solo da Akiyama."
  },
  "42": {
    "NAME": "",
    "CLUB": "",
    "BIRTHDAY": "",
    "HEIGHT": "",
    "BLOOD_TYPE": "",
    "CONSTELLATION": "",
    "FAVORITE": "",
    "HATE": "",
    "PICT_NAME": "",
    "PICT_NAME2": "",
    "ROMAN_NAME": "",
    "SCENARIO_STATUS": "80990006",
    "EXPLANATION": "Uscito a un appuntamento con Erena e mi sono divertito un sacco.",
    "CONTENTS_EXP": ""
  },
  "43": {
    "NAME": "",
    "CLUB": "",
    "BIRTHDAY": "",
    "HEIGHT": "",
    "BLOOD_TYPE": "",
    "CONSTELLATION": "",
    "FAVORITE": "",
    "HATE": "",
    "PICT_NAME": "",
    "PICT_NAME2": "",
    "ROMAN_NAME": "",
    "SCENARIO_STATUS": "80990007",
    "EXPLANATION": "Uscito a un appuntamento con Erena e mi sono divertito un sacco.",
    "CONTENTS_EXP": ""
  },
  "44": {
    "NAME": "",
    "CLUB": "",
    "BIRTHDAY": "",
    "HEIGHT": "",
    "BLOOD_TYPE": "",
    "CONSTELLATION": "",
    "FAVORITE": "",
    "HATE": "",
    "PICT_NAME": "",
    "PICT_NAME2": "",
    "ROMAN_NAME": "",
    "SCENARIO_STATUS": "80990008",
    "EXPLANATION": "Uscito a un appuntamento con Erena e mi sono divertito un sacco.",
    "CONTENTS_EXP": ""
  },
  "45": {
    "NAME": "",
    "CLUB": "",
    "BIRTHDAY": "",
    "HEIGHT": "",
    "BLOOD_TYPE": "",
    "CONSTELLATION": "",
    "FAVORITE": "",
    "HATE": "",
    "PICT_NAME": "",
    "PICT_NAME2": "",
    "ROMAN_NAME": "",
    "SCENARIO_STATUS": "8099000a",
    "EXPLANATION": "Uscito a un appuntamento con Erena e mi sono divertito un sacco.",
    "CONTENTS_EXP": ""
  },
  "46": {
    "NAME": "",
    "CLUB": "",
    "BIRTHDAY": "",
    "HEIGHT": "",
    "BLOOD_TYPE": "",
    "CONSTELLATION": "",
    "FAVORITE": "",
    "HATE": "",
    "PICT_NAME": "",
    "PICT_NAME2": "",
    "ROMAN_NAME": "",
    "SCENARIO_STATUS": "8099000b",
    "EXPLANATION": "Uscito a un appuntamento con Erena e mi sono divertito un sacco.",
    "CONTENTS_EXP": ""
  },
  "47": {
    "NAME": "",
    "CLUB": "",
    "BIRTHDAY": "",
    "HEIGHT": "",
    "BLOOD_TYPE": "",
    "CONSTELLATION": "",
    "FAVORITE": "",
    "HATE": "",
    "PICT_NAME": "",
    "PICT_NAME2": "",
    "ROMAN_NAME": "",
    "SCENARIO_STATUS": "8099000c",
    "EXPLANATION": "Uscito a un appuntamento con Erena e mi sono divertito un sacco.",
    "CONTENTS_EXP": ""
  },
  "48": {
    "NAME": "",
    "CLUB": "",
    "BIRTHDAY": "",
    "HEIGHT": "",
    "BLOOD_TYPE": "",
    "CONSTELLATION": "",
    "FAVORITE": "",
    "HATE": "",
    "PICT_NAME": "",
    "PICT_NAME2": "",
    "ROMAN_NAME": "",
    "SCENARIO_STATUS": "8099000d",
    "EXPLANATION": "Ho un appuntamento con Erena tra poco. Dovrei incontrarla a Piazza del Teatro.",
    "CONTENTS_EXP": ""
  },
  "49": {
    "NAME": "",
    "CLUB": "",
    "BIRTHDAY": "",
    "HEIGHT": "",
    "BLOOD_TYPE": "",
    "CONSTELLATION": "",
    "FAVORITE": "",
    "HATE": "",
    "PICT_NAME": "",
    "PICT_NAME2": "",
    "ROMAN_NAME": "",
    "SCENARIO_STATUS": "80990010",
    "EXPLANATION": "A questi teppisti non frega un cazzo dei sentimenti di Erena. Sembra che debba dargli una lezione.",
    "CONTENTS_EXP": ""
  },
  "50": {
    "NAME": "",
    "CLUB": "",
    "BIRTHDAY": "",
    "HEIGHT": "",
    "BLOOD_TYPE": "",
    "CONSTELLATION": "",
    "FAVORITE": "",
    "HATE": "",
    "PICT_NAME": "",
    "PICT_NAME2": "",
    "ROMAN_NAME": "",
    "SCENARIO_STATUS": "80990015",
    "EXPLANATION": "Ho passato dei momenti fantastici con Erena.",
    "CONTENTS_EXP": ""
  },
  "51": {
    "NAME": "Chihiro Ikki",
    "CLUB": "Jewel",
    "BIRTHDAY": "16 Aprile",
    "HEIGHT": "161 cm",
    "BLOOD_TYPE": "B",
    "CONSTELLATION": "Ariete",
    "FAVORITE": "Patatine fritte di patata dolce",
    "HATE": "Castagne bollite",
    "PICT_NAME": "2d_cf_prof_ikki.dds",
    "PICT_NAME2": "2d_cf_prof_ikki_c.dds",
    "ROMAN_NAME": "Jewel",
    "SCENARIO_STATUS": "809a0000",
    "EXPLANATION": "Hai ottenuto il biglietto da visita di Chihiro del Jewel.",
    "CONTENTS_EXP": "Pu# essere richiesta solo da Tanimura."
  },
  "52": {
    "NAME": "",
    "CLUB": "",
    "BIRTHDAY": "",
    "HEIGHT": "",
    "BLOOD_TYPE": "",
    "CONSTELLATION": "",
    "FAVORITE": "",
    "HATE": "",
    "PICT_NAME": "",
    "PICT_NAME2": "",
    "ROMAN_NAME": "",
    "SCENARIO_STATUS": "809a0006",
    "EXPLANATION": "Uscito a un appuntamento con Chihiro e mi sono divertito un sacco.",
    "CONTENTS_EXP": ""
  },
  "53": {
    "NAME": "",
    "CLUB": "",
    "BIRTHDAY": "",
    "HEIGHT": "",
    "BLOOD_TYPE": "",
    "CONSTELLATION": "",
    "FAVORITE": "",
    "HATE": "",
    "PICT_NAME": "",
    "PICT_NAME2": "",
    "ROMAN_NAME": "",
    "SCENARIO_STATUS": "809a0007",
    "EXPLANATION": "Uscito a un appuntamento con Chihiro e mi sono divertito un sacco.",
    "CONTENTS_EXP": ""
  },
  "54": {
    "NAME": "",
    "CLUB": "",
    "BIRTHDAY": "",
    "HEIGHT": "",
    "BLOOD_TYPE": "",
    "CONSTELLATION": "",
    "FAVORITE": "",
    "HATE": "",
    "PICT_NAME": "",
    "PICT_NAME2": "",
    "ROMAN_NAME": "",
    "SCENARIO_STATUS": "809a0008",
    "EXPLANATION": "Uscito a un appuntamento con Chihiro e mi sono divertito un sacco.",
    "CONTENTS_EXP": ""
  },
  "55": {
    "NAME": "",
    "CLUB": "",
    "BIRTHDAY": "",
    "HEIGHT": "",
    "BLOOD_TYPE": "",
    "CONSTELLATION": "",
    "FAVORITE": "",
    "HATE": "",
    "PICT_NAME": "",
    "PICT_NAME2": "",
    "ROMAN_NAME": "",
    "SCENARIO_STATUS": "809a000a",
    "EXPLANATION": "Uscito a un appuntamento con Chihiro e mi sono divertito un sacco.",
    "CONTENTS_EXP": ""
  },
  "56": {
    "NAME": "",
    "CLUB": "",
    "BIRTHDAY": "",
    "HEIGHT": "",
    "BLOOD_TYPE": "",
    "CONSTELLATION": "",
    "FAVORITE": "",
    "HATE": "",
    "PICT_NAME": "",
    "PICT_NAME2": "",
    "ROMAN_NAME": "",
    "SCENARIO_STATUS": "809a000b",
    "EXPLANATION": "Uscito a un appuntamento con Chihiro e mi sono divertito un sacco.",
    "CONTENTS_EXP": ""
  },
  "57": {
    "NAME": "",
    "CLUB": "",
    "BIRTHDAY": "",
    "HEIGHT": "",
    "BLOOD_TYPE": "",
    "CONSTELLATION": "",
    "FAVORITE": "",
    "HATE": "",
    "PICT_NAME": "",
    "PICT_NAME2": "",
    "ROMAN_NAME": "",
    "SCENARIO_STATUS": "809a000c",
    "EXPLANATION": "Uscito a un appuntamento con Chihiro e mi sono divertito un sacco.",
    "CONTENTS_EXP": ""
  },
  "58": {
    "NAME": "",
    "CLUB": "",
    "BIRTHDAY": "",
    "HEIGHT": "",
    "BLOOD_TYPE": "",
    "CONSTELLATION": "",
    "FAVORITE": "",
    "HATE": "",
    "PICT_NAME": "",
    "PICT_NAME2": "",
    "ROMAN_NAME": "",
    "SCENARIO_STATUS": "809a000d",
    "EXPLANATION": "Chihiro ha un colloquio tra poco. Sono un po' preoccupato per lei. Forse dovrei vedere come sono andate le cose all'edificio in East Shichifuku Street.",
    "CONTENTS_EXP": ""
  },
  "59": {
    "NAME": "",
    "CLUB": "",
    "BIRTHDAY": "",
    "HEIGHT": "",
    "BLOOD_TYPE": "",
    "CONSTELLATION": "",
    "FAVORITE": "",
    "HATE": "",
    "PICT_NAME": "",
    "PICT_NAME2": "",
    "ROMAN_NAME": "",
    "SCENARIO_STATUS": "809a0010",
    "EXPLANATION": "Kinugawa ha mentito a Chihiro. ^ ora di dargli una lezione.",
    "CONTENTS_EXP": ""
  },
  "60": {
    "NAME": "",
    "CLUB": "",
    "BIRTHDAY": "",
    "HEIGHT": "",
    "BLOOD_TYPE": "",
    "CONSTELLATION": "",
    "FAVORITE": "",
    "HATE": "",
    "PICT_NAME": "",
    "PICT_NAME2": "",
    "ROMAN_NAME": "",
    "SCENARIO_STATUS": "809a0013",
    "EXPLANATION": "Ho passato dei momenti fantastici con Chihiro.",
    "CONTENTS_EXP": ""
  },
  "61": {
    "NAME": "Maya Mori",
    "CLUB": "Jewel",
    "BIRTHDAY": "23 Novembre",
    "HEIGHT": "158 cm",
    "BLOOD_TYPE": "A",
    "CONSTELLATION": "Sagittario",
    "FAVORITE": "Cioccolato",
    "HATE": "Zenzero sottaceto, pomodori",
    "PICT_NAME": "2d_cf_prof_mori.dds",
    "PICT_NAME2": "2d_cf_prof_mori_c.dds",
    "ROMAN_NAME": "Jewel",
    "SCENARIO_STATUS": "80970000",
    "EXPLANATION": "Hai ottenuto il biglietto da visita di Maya del Jewel.",
    "CONTENTS_EXP": "Pu# essere richiesta solo da Kiryu."
  },
  "62": {
    "NAME": "",
    "CLUB": "",
    "BIRTHDAY": "",
    "HEIGHT": "",
    "BLOOD_TYPE": "",
    "CONSTELLATION": "",
    "FAVORITE": "",
    "HATE": "",
    "PICT_NAME": "",
    "PICT_NAME2": "",
    "ROMAN_NAME": "",
    "SCENARIO_STATUS": "80970006",
    "EXPLANATION": "Uscito a un appuntamento con Maya e mi sono divertito un sacco.",
    "CONTENTS_EXP": ""
  },
  "63": {
    "NAME": "",
    "CLUB": "",
    "BIRTHDAY": "",
    "HEIGHT": "",
    "BLOOD_TYPE": "",
    "CONSTELLATION": "",
    "FAVORITE": "",
    "HATE": "",
    "PICT_NAME": "",
    "PICT_NAME2": "",
    "ROMAN_NAME": "",
    "SCENARIO_STATUS": "80970007",
    "EXPLANATION": "Uscito a un appuntamento con Maya e mi sono divertito un sacco.",
    "CONTENTS_EXP": ""
  },
  "64": {
    "NAME": "",
    "CLUB": "",
    "BIRTHDAY": "",
    "HEIGHT": "",
    "BLOOD_TYPE": "",
    "CONSTELLATION": "",
    "FAVORITE": "",
    "HATE": "",
    "PICT_NAME": "",
    "PICT_NAME2": "",
    "ROMAN_NAME": "",
    "SCENARIO_STATUS": "80970008",
    "EXPLANATION": "Uscito a un appuntamento con Maya e mi sono divertito un sacco.",
    "CONTENTS_EXP": ""
  },
  "65": {
    "NAME": "",
    "CLUB": "",
    "BIRTHDAY": "",
    "HEIGHT": "",
    "BLOOD_TYPE": "",
    "CONSTELLATION": "",
    "FAVORITE": "",
    "HATE": "",
    "PICT_NAME": "",
    "PICT_NAME2": "",
    "ROMAN_NAME": "",
    "SCENARIO_STATUS": "8097000a",
    "EXPLANATION": "Uscito a un appuntamento con Maya e mi sono divertito un sacco.",
    "CONTENTS_EXP": ""
  },
  "66": {
    "NAME": "",
    "CLUB": "",
    "BIRTHDAY": "",
    "HEIGHT": "",
    "BLOOD_TYPE": "",
    "CONSTELLATION": "",
    "FAVORITE": "",
    "HATE": "",
    "PICT_NAME": "",
    "PICT_NAME2": "",
    "ROMAN_NAME": "",
    "SCENARIO_STATUS": "8097000b",
    "EXPLANATION": "Uscito a un appuntamento con Maya e mi sono divertito un sacco.",
    "CONTENTS_EXP": ""
  },
  "67": {
    "NAME": "",
    "CLUB": "",
    "BIRTHDAY": "",
    "HEIGHT": "",
    "BLOOD_TYPE": "",
    "CONSTELLATION": "",
    "FAVORITE": "",
    "HATE": "",
    "PICT_NAME": "",
    "PICT_NAME2": "",
    "ROMAN_NAME": "",
    "SCENARIO_STATUS": "8097000c",
    "EXPLANATION": "Uscito a un appuntamento con Maya e mi sono divertito un sacco.",
    "CONTENTS_EXP": ""
  },
  "68": {
    "NAME": "",
    "CLUB": "",
    "BIRTHDAY": "",
    "HEIGHT": "",
    "BLOOD_TYPE": "",
    "CONSTELLATION": "",
    "FAVORITE": "",
    "HATE": "",
    "PICT_NAME": "",
    "PICT_NAME2": "",
    "ROMAN_NAME": "",
    "SCENARIO_STATUS": "8097000d",
    "EXPLANATION": "Ho appena sentito che Maya | interrogata da quel poliziotto. Dovrei andare ai casellari a moneta sul Taihei Boulevard e controllare la situazione.",
    "CONTENTS_EXP": ""
  },
  "69": {
    "NAME": "",
    "CLUB": "",
    "BIRTHDAY": "",
    "HEIGHT": "",
    "BLOOD_TYPE": "",
    "CONSTELLATION": "",
    "FAVORITE": "",
    "HATE": "",
    "PICT_NAME": "",
    "PICT_NAME2": "",
    "ROMAN_NAME": "",
    "SCENARIO_STATUS": "8097000f",
    "EXPLANATION": "Si scopre che il tizio si stava solo fingendo un poliziotto per provarci con Maya. ^ ora di dargli una lezione.",
    "CONTENTS_EXP": ""
  },
  "70": {
    "NAME": "",
    "CLUB": "",
    "BIRTHDAY": "",
    "HEIGHT": "",
    "BLOOD_TYPE": "",
    "CONSTELLATION": "",
    "FAVORITE": "",
    "HATE": "",
    "PICT_NAME": "",
    "PICT_NAME2": "",
    "ROMAN_NAME": "",
    "SCENARIO_STATUS": "80970012",
    "EXPLANATION": "Ho passato dei momenti fantastici con Maya.",
    "CONTENTS_EXP": ""
  },
  "types": {
    "NAME": "string",
    "CLUB": "string",
    "BIRTHDAY": "string",
    "HEIGHT": "string",
    "BLOOD_TYPE": "string",
    "CONSTELLATION": "string",
    "FAVORITE": "string",
    "HATE": "string",
    "PICT_NAME": "string",
    "PICT_NAME2": "string",
    "ROMAN_NAME": "string",
    "SCENARIO_STATUS": "special_scenariostatus",
    "EXPLANATION": "string",
    "CONTENTS_EXP": "string"
  }
}