{
  "0": {
    "NAME": "<Name:蟲ｰ譚台ｸ豬ｷｼ壽ｺ先ｰ丞錐>",
    "CLUB": "Elise",
    "BIRTHDAY": "5 Dicembre",
    "HEIGHT": "156 cm",
    "BLOOD_TYPE": "O",
    "CONSTELLATION": "Sagittario",
    "FAVORITE": "Frutta",
    "HATE": "Snack giapponesi",
    "PICT_NAME": "2d_cf_prof_ki_nanami.dds",
    "PICT_NAME2": "2d_cf_prof_ki_nanami_c.dds",
    "ROMAN_NAME": "Elise",
    "SCENARIO_STATUS": "809d0001",
    "EXPLANATION": "Ho ricevuto un biglietto da visita da <Name:蟲ｰ譚台ｸ豬ｷｼ壽ｺ先ｰ丞錐> all'Elise. Forse la chiamer# la prossima volta...",
    "CONTENTS_EXP": "Pu# essere richiesta solo da Tanimura."
  },
  "1": {
    "NAME": "",
    "CLUB": "",
    "BIRTHDAY": "",
    "HEIGHT": "",
    "BLOOD_TYPE": "",
    "CONSTELLATION": "",
    "FAVORITE": "",
    "HATE": "",
    "PICT_NAME": "",
    "PICT_NAME2": "",
    "ROMAN_NAME": "",
    "SCENARIO_STATUS": "809d0007",
    "EXPLANATION": "Sono uscito con <Name:蟲ｰ譚台ｸ豬ｷｼ壽ｺ先ｰ丞錐> e ci siamo divertiti insieme.",
    "CONTENTS_EXP": ""
  },
  "2": {
    "NAME": "",
    "CLUB": "",
    "BIRTHDAY": "",
    "HEIGHT": "",
    "BLOOD_TYPE": "",
    "CONSTELLATION": "",
    "FAVORITE": "",
    "HATE": "",
    "PICT_NAME": "",
    "PICT_NAME2": "",
    "ROMAN_NAME": "",
    "SCENARIO_STATUS": "809d0008",
    "EXPLANATION": "Sono uscito con <Name:蟲ｰ譚台ｸ豬ｷｼ壽ｺ先ｰ丞錐> e ci siamo divertiti insieme.",
    "CONTENTS_EXP": ""
  },
  "3": {
    "NAME": "",
    "CLUB": "",
    "BIRTHDAY": "",
    "HEIGHT": "",
    "BLOOD_TYPE": "",
    "CONSTELLATION": "",
    "FAVORITE": "",
    "HATE": "",
    "PICT_NAME": "",
    "PICT_NAME2": "",
    "ROMAN_NAME": "",
    "SCENARIO_STATUS": "809d0009",
    "EXPLANATION": "Sono uscito con <Name:蟲ｰ譚台ｸ豬ｷｼ壽ｺ先ｰ丞錐> e ci siamo divertiti insieme.",
    "CONTENTS_EXP": ""
  },
  "4": {
    "NAME": "",
    "CLUB": "",
    "BIRTHDAY": "",
    "HEIGHT": "",
    "BLOOD_TYPE": "",
    "CONSTELLATION": "",
    "FAVORITE": "",
    "HATE": "",
    "PICT_NAME": "",
    "PICT_NAME2": "",
    "ROMAN_NAME": "",
    "SCENARIO_STATUS": "809d000b",
    "EXPLANATION": "Sono uscito con <Name:蟲ｰ譚台ｸ豬ｷｼ壽ｺ先ｰ丞錐> e ci siamo divertiti insieme.",
    "CONTENTS_EXP": ""
  },
  "5": {
    "NAME": "",
    "CLUB": "",
    "BIRTHDAY": "",
    "HEIGHT": "",
    "BLOOD_TYPE": "",
    "CONSTELLATION": "",
    "FAVORITE": "",
    "HATE": "",
    "PICT_NAME": "",
    "PICT_NAME2": "",
    "ROMAN_NAME": "",
    "SCENARIO_STATUS": "809d000c",
    "EXPLANATION": "Sono uscito con <Name:蟲ｰ譚台ｸ豬ｷｼ壽ｺ先ｰ丞錐> e ci siamo divertiti insieme.",
    "CONTENTS_EXP": ""
  },
  "6": {
    "NAME": "",
    "CLUB": "",
    "BIRTHDAY": "",
    "HEIGHT": "",
    "BLOOD_TYPE": "",
    "CONSTELLATION": "",
    "FAVORITE": "",
    "HATE": "",
    "PICT_NAME": "",
    "PICT_NAME2": "",
    "ROMAN_NAME": "",
    "SCENARIO_STATUS": "809d000d",
    "EXPLANATION": "Sono uscito con <Name:蟲ｰ譚台ｸ豬ｷｼ壽ｺ先ｰ丞錐> e ci siamo divertiti insieme.",
    "CONTENTS_EXP": ""
  },
  "7": {
    "NAME": "",
    "CLUB": "",
    "BIRTHDAY": "",
    "HEIGHT": "",
    "BLOOD_TYPE": "",
    "CONSTELLATION": "",
    "FAVORITE": "",
    "HATE": "",
    "PICT_NAME": "",
    "PICT_NAME2": "",
    "ROMAN_NAME": "",
    "SCENARIO_STATUS": "809d0010",
    "EXPLANATION": "A quanto pare il fratello di <Name:蟲ｰ譚台ｸ豬ｷｼ壽ｺ先ｰ丞錐> non si presenta al lavoro. ^ possibile che sia fuori a giocare a pachinko.",
    "CONTENTS_EXP": ""
  },
  "8": {
    "NAME": "",
    "CLUB": "",
    "BIRTHDAY": "",
    "HEIGHT": "",
    "BLOOD_TYPE": "",
    "CONSTELLATION": "",
    "FAVORITE": "",
    "HATE": "",
    "PICT_NAME": "",
    "PICT_NAME2": "",
    "ROMAN_NAME": "",
    "SCENARIO_STATUS": "809d0013",
    "EXPLANATION": "Il fratello di <Name:蟲ｰ譚台ｸ豬ｷｼ壽ｺ先ｰ丞錐> ha problemi con i suoi ex clienti. Immagino che dovrei aiutarlo.",
    "CONTENTS_EXP": ""
  },
  "9": {
    "NAME": "",
    "CLUB": "",
    "BIRTHDAY": "",
    "HEIGHT": "",
    "BLOOD_TYPE": "",
    "CONSTELLATION": "",
    "FAVORITE": "",
    "HATE": "",
    "PICT_NAME": "",
    "PICT_NAME2": "",
    "ROMAN_NAME": "",
    "SCENARIO_STATUS": "809d0017",
    "EXPLANATION": "Ho passato dei momenti fantastici con <Name:蟲ｰ譚台ｸ豬ｷｼ壽ｺ先ｰ丞錐>.",
    "CONTENTS_EXP": ""
  },
  "10": {
    "NAME": "<Name:譚ｾ蟯｡驥檎ｷ貞･茨ｼ壽ｺ先ｰ丞錐>",
    "CLUB": "Elise",
    "BIRTHDAY": "21 Luglio",
    "HEIGHT": "160 cm",
    "BLOOD_TYPE": "AB",
    "CONSTELLATION": "Cancro",
    "FAVORITE": "Yakiniku",
    "HATE": "Dolci",
    "PICT_NAME": "2d_cf_prof_ki_hiyori.dds",
    "PICT_NAME2": "2d_cf_prof_ki_hiyori_c.dds",
    "ROMAN_NAME": "Elise",
    "SCENARIO_STATUS": "80010001",
    "EXPLANATION": "Ho ricevuto un biglietto da visita da <Name:譚ｾ蟯｡驥檎ｷ貞･茨ｼ壽ｺ先ｰ丞錐> all'Elise. Forse la chiamer# la prossima volta...",
    "CONTENTS_EXP": "Pu# essere richiesta solo da Kiryu."
  },
  "11": {
    "NAME": "",
    "CLUB": "",
    "BIRTHDAY": "",
    "HEIGHT": "",
    "BLOOD_TYPE": "",
    "CONSTELLATION": "",
    "FAVORITE": "",
    "HATE": "",
    "PICT_NAME": "",
    "PICT_NAME2": "",
    "ROMAN_NAME": "",
    "SCENARIO_STATUS": "809b0007",
    "EXPLANATION": "Sono uscito con <Name:譚ｾ蟯｡驥檎ｷ貞･茨ｼ壽ｺ先ｰ丞錐> e ci siamo divertiti insieme.",
    "CONTENTS_EXP": ""
  },
  "12": {
    "NAME": "",
    "CLUB": "",
    "BIRTHDAY": "",
    "HEIGHT": "",
    "BLOOD_TYPE": "",
    "CONSTELLATION": "",
    "FAVORITE": "",
    "HATE": "",
    "PICT_NAME": "",
    "PICT_NAME2": "",
    "ROMAN_NAME": "",
    "SCENARIO_STATUS": "809b0008",
    "EXPLANATION": "Sono uscito con <Name:譚ｾ蟯｡驥檎ｷ貞･茨ｼ壽ｺ先ｰ丞錐> e ci siamo divertiti insieme.",
    "CONTENTS_EXP": ""
  },
  "13": {
    "NAME": "",
    "CLUB": "",
    "BIRTHDAY": "",
    "HEIGHT": "",
    "BLOOD_TYPE": "",
    "CONSTELLATION": "",
    "FAVORITE": "",
    "HATE": "",
    "PICT_NAME": "",
    "PICT_NAME2": "",
    "ROMAN_NAME": "",
    "SCENARIO_STATUS": "809b0009",
    "EXPLANATION": "Sono uscito con <Name:譚ｾ蟯｡驥檎ｷ貞･茨ｼ壽ｺ先ｰ丞錐> e ci siamo divertiti insieme.",
    "CONTENTS_EXP": ""
  },
  "14": {
    "NAME": "",
    "CLUB": "",
    "BIRTHDAY": "",
    "HEIGHT": "",
    "BLOOD_TYPE": "",
    "CONSTELLATION": "",
    "FAVORITE": "",
    "HATE": "",
    "PICT_NAME": "",
    "PICT_NAME2": "",
    "ROMAN_NAME": "",
    "SCENARIO_STATUS": "809b000b",
    "EXPLANATION": "Sono uscito con <Name:譚ｾ蟯｡驥檎ｷ貞･茨ｼ壽ｺ先ｰ丞錐> e ci siamo divertiti insieme.",
    "CONTENTS_EXP": ""
  },
  "15": {
    "NAME": "",
    "CLUB": "",
    "BIRTHDAY": "",
    "HEIGHT": "",
    "BLOOD_TYPE": "",
    "CONSTELLATION": "",
    "FAVORITE": "",
    "HATE": "",
    "PICT_NAME": "",
    "PICT_NAME2": "",
    "ROMAN_NAME": "",
    "SCENARIO_STATUS": "809b000c",
    "EXPLANATION": "Sono uscito con <Name:譚ｾ蟯｡驥檎ｷ貞･茨ｼ壽ｺ先ｰ丞錐> e ci siamo divertiti insieme.",
    "CONTENTS_EXP": ""
  },
  "16": {
    "NAME": "",
    "CLUB": "",
    "BIRTHDAY": "",
    "HEIGHT": "",
    "BLOOD_TYPE": "",
    "CONSTELLATION": "",
    "FAVORITE": "",
    "HATE": "",
    "PICT_NAME": "",
    "PICT_NAME2": "",
    "ROMAN_NAME": "",
    "SCENARIO_STATUS": "809b000d",
    "EXPLANATION": "Sono uscito con <Name:譚ｾ蟯｡驥檎ｷ貞･茨ｼ壽ｺ先ｰ丞錐> e ci siamo divertiti insieme.",
    "CONTENTS_EXP": ""
  },
  "17": {
    "NAME": "",
    "CLUB": "",
    "BIRTHDAY": "",
    "HEIGHT": "",
    "BLOOD_TYPE": "",
    "CONSTELLATION": "",
    "FAVORITE": "",
    "HATE": "",
    "PICT_NAME": "",
    "PICT_NAME2": "",
    "ROMAN_NAME": "",
    "SCENARIO_STATUS": "809b000f",
    "EXPLANATION": "A quanto pare il padre di <Name:譚ｾ蟯｡驥檎ｷ貞･茨ｼ壽ｺ先ｰ丞錐> sta visitando il locale. Dovrei controllare come sta all'Elise.",
    "CONTENTS_EXP": ""
  },
  "18": {
    "NAME": "",
    "CLUB": "",
    "BIRTHDAY": "",
    "HEIGHT": "",
    "BLOOD_TYPE": "",
    "CONSTELLATION": "",
    "FAVORITE": "",
    "HATE": "",
    "PICT_NAME": "",
    "PICT_NAME2": "",
    "ROMAN_NAME": "",
    "SCENARIO_STATUS": "809b0013",
    "EXPLANATION": "Dovrei occuparmi dello strozzino che sta molestando il padre di <Name:譚ｾ蟯｡驥檎ｷ貞･茨ｼ壽ｺ先ｰ丞錐>.",
    "CONTENTS_EXP": ""
  },
  "19": {
    "NAME": "",
    "CLUB": "",
    "BIRTHDAY": "",
    "HEIGHT": "",
    "BLOOD_TYPE": "",
    "CONSTELLATION": "",
    "FAVORITE": "",
    "HATE": "",
    "PICT_NAME": "",
    "PICT_NAME2": "",
    "ROMAN_NAME": "",
    "SCENARIO_STATUS": "809b0016",
    "EXPLANATION": "Ho passato dei momenti fantastici con <Name:譚ｾ蟯｡驥檎ｷ貞･茨ｼ壽ｺ先ｰ丞錐>.",
    "CONTENTS_EXP": ""
  },
  "20": {
    "NAME": "<Name:譛帶怦莠ｬ蟄撰ｼ壽ｺ先ｰ丞錐>",
    "CLUB": "Elise",
    "BIRTHDAY": "15 Gennaio",
    "HEIGHT": "158 cm",
    "BLOOD_TYPE": "O",
    "CONSTELLATION": "Capricorno",
    "FAVORITE": "Cibo spazzatura",
    "HATE": "Verdure",
    "PICT_NAME": "2d_cf_prof_ki_kyoko.dds",
    "PICT_NAME2": "2d_cf_prof_ki_kyoko_c.dds",
    "ROMAN_NAME": "Elise ",
    "SCENARIO_STATUS": "80010001",
    "EXPLANATION": "Ho ricevuto un biglietto da visita da <Name:譛帶怦莠ｬ蟄撰ｼ壽ｺ先ｰ丞錐> all'Elise. Forse la chiamer# la prossima volta...",
    "CONTENTS_EXP": "Pu# essere richiesta solo da Kiryu."
  },
  "21": {
    "NAME": "",
    "CLUB": "",
    "BIRTHDAY": "",
    "HEIGHT": "",
    "BLOOD_TYPE": "",
    "CONSTELLATION": "",
    "FAVORITE": "",
    "HATE": "",
    "PICT_NAME": "",
    "PICT_NAME2": "",
    "ROMAN_NAME": "",
    "SCENARIO_STATUS": "809c0007",
    "EXPLANATION": "Sono uscito con <Name:譛帶怦莠ｬ蟄撰ｼ壽ｺ先ｰ丞錐> e ci siamo divertiti insieme.",
    "CONTENTS_EXP": ""
  },
  "22": {
    "NAME": "",
    "CLUB": "",
    "BIRTHDAY": "",
    "HEIGHT": "",
    "BLOOD_TYPE": "",
    "CONSTELLATION": "",
    "FAVORITE": "",
    "HATE": "",
    "PICT_NAME": "",
    "PICT_NAME2": "",
    "ROMAN_NAME": "",
    "SCENARIO_STATUS": "809c0008",
    "EXPLANATION": "Sono uscito con <Name:譛帶怦莠ｬ蟄撰ｼ壽ｺ先ｰ丞錐> e ci siamo divertiti insieme.",
    "CONTENTS_EXP": ""
  },
  "23": {
    "NAME": "",
    "CLUB": "",
    "BIRTHDAY": "",
    "HEIGHT": "",
    "BLOOD_TYPE": "",
    "CONSTELLATION": "",
    "FAVORITE": "",
    "HATE": "",
    "PICT_NAME": "",
    "PICT_NAME2": "",
    "ROMAN_NAME": "",
    "SCENARIO_STATUS": "809c0009",
    "EXPLANATION": "Sono uscito con <Name:譛帶怦莠ｬ蟄撰ｼ壽ｺ先ｰ丞錐> e ci siamo divertiti insieme.",
    "CONTENTS_EXP": ""
  },
  "24": {
    "NAME": "",
    "CLUB": "",
    "BIRTHDAY": "",
    "HEIGHT": "",
    "BLOOD_TYPE": "",
    "CONSTELLATION": "",
    "FAVORITE": "",
    "HATE": "",
    "PICT_NAME": "",
    "PICT_NAME2": "",
    "ROMAN_NAME": "",
    "SCENARIO_STATUS": "809c000b",
    "EXPLANATION": "Sono uscito con <Name:譛帶怦莠ｬ蟄撰ｼ壽ｺ先ｰ丞錐> e ci siamo divertiti insieme.",
    "CONTENTS_EXP": ""
  },
  "25": {
    "NAME": "",
    "CLUB": "",
    "BIRTHDAY": "",
    "HEIGHT": "",
    "BLOOD_TYPE": "",
    "CONSTELLATION": "",
    "FAVORITE": "",
    "HATE": "",
    "PICT_NAME": "",
    "PICT_NAME2": "",
    "ROMAN_NAME": "",
    "SCENARIO_STATUS": "809c000c",
    "EXPLANATION": "Sono uscito con <Name:譛帶怦莠ｬ蟄撰ｼ壽ｺ先ｰ丞錐> e ci siamo divertiti insieme.",
    "CONTENTS_EXP": ""
  },
  "26": {
    "NAME": "",
    "CLUB": "",
    "BIRTHDAY": "",
    "HEIGHT": "",
    "BLOOD_TYPE": "",
    "CONSTELLATION": "",
    "FAVORITE": "",
    "HATE": "",
    "PICT_NAME": "",
    "PICT_NAME2": "",
    "ROMAN_NAME": "",
    "SCENARIO_STATUS": "809c000d",
    "EXPLANATION": "Sono uscito con <Name:譛帶怦莠ｬ蟄撰ｼ壽ｺ先ｰ丞錐> e ci siamo divertiti insieme.",
    "CONTENTS_EXP": ""
  },
  "27": {
    "NAME": "",
    "CLUB": "",
    "BIRTHDAY": "",
    "HEIGHT": "",
    "BLOOD_TYPE": "",
    "CONSTELLATION": "",
    "FAVORITE": "",
    "HATE": "",
    "PICT_NAME": "",
    "PICT_NAME2": "",
    "ROMAN_NAME": "",
    "SCENARIO_STATUS": "809c000f",
    "EXPLANATION": "La chitarra di <Name:譛帶怦莠ｬ蟄撰ｼ壽ｺ先ｰ丞錐> | stata rubata. Se i Bad Flag sono i responsabili, cercheranno di venderla da qualche parte.",
    "CONTENTS_EXP": ""
  },
  "28": {
    "NAME": "",
    "CLUB": "",
    "BIRTHDAY": "",
    "HEIGHT": "",
    "BLOOD_TYPE": "",
    "CONSTELLATION": "",
    "FAVORITE": "",
    "HATE": "",
    "PICT_NAME": "",
    "PICT_NAME2": "",
    "ROMAN_NAME": "",
    "SCENARIO_STATUS": "809c0011",
    "EXPLANATION": "Ho trovato i Bad Flag. Farei meglio a prenderli e scoprire della chitarra di <Name:譛帶怦莠ｬ蟄撰ｼ壽ｺ先ｰ丞錐>.",
    "CONTENTS_EXP": ""
  },
  "29": {
    "NAME": "",
    "CLUB": "",
    "BIRTHDAY": "",
    "HEIGHT": "",
    "BLOOD_TYPE": "",
    "CONSTELLATION": "",
    "FAVORITE": "",
    "HATE": "",
    "PICT_NAME": "",
    "PICT_NAME2": "",
    "ROMAN_NAME": "",
    "SCENARIO_STATUS": "809c001a",
    "EXPLANATION": "Ho passato dei momenti fantastici con <Name:譛帶怦莠ｬ蟄撰ｼ壽ｺ先ｰ丞錐>.",
    "CONTENTS_EXP": ""
  },
  "30": {
    "NAME": "f",
    "CLUB": "",
    "BIRTHDAY": "",
    "HEIGHT": "",
    "BLOOD_TYPE": "",
    "CONSTELLATION": "",
    "FAVORITE": "",
    "HATE": "",
    "PICT_NAME": "",
    "PICT_NAME2": "",
    "ROMAN_NAME": "",
    "SCENARIO_STATUS": "",
    "EXPLANATION": "",
    "CONTENTS_EXP": ""
  },
  "types": {
    "NAME": "string",
    "CLUB": "string",
    "BIRTHDAY": "string",
    "HEIGHT": "string",
    "BLOOD_TYPE": "string",
    "CONSTELLATION": "string",
    "FAVORITE": "string",
    "HATE": "string",
    "PICT_NAME": "string",
    "PICT_NAME2": "string",
    "ROMAN_NAME": "string",
    "SCENARIO_STATUS": "special_scenariostatus",
    "EXPLANATION": "string",
    "CONTENTS_EXP": "string"
  }
}