{
  "0": {
    "NAME": "Coin Lockers",
    "EXPLANATION": "Sblocca tutti i 100 armadietti, sia sopra che sotto terra."
  },
  "1": {
    "NAME": "Food/Drink",
    "EXPLANATION": "Ordina tutto nel menu di ogni ristorante."
  },
  "2": {
    "NAME": "Weapon Modding",
    "EXPLANATION": "Crea tutte le armi e l'equipaggiamento per entrambi i negozi\nKamiyama Works."
  },
  "3": {
    "NAME": "Allies",
    "EXPLANATION": "Fai amicizia con tutti quelli che puoi in citt~."
  },
  "4": {
    "NAME": "Revelations",
    "EXPLANATION": "Vedi tutte le Rivelazioni."
  },
  "5": {
    "NAME": "Minigames",
    "EXPLANATION": "Completa ogni minigioco. Lo stato di completamento di ogni\nminigioco pu# essere visualizzato con <Action:Button_Cross@UI>."
  },
  "6": {
    "NAME": "Hostesses",
    "EXPLANATION": "Completa tutte le substorie delle hostess."
  },
  "7": {
    "NAME": "Hostess Maker",
    "EXPLANATION": "Completa tutte le substorie delle hostess del Creatore di Hostess."
  },
  "8": {
    "NAME": "No. 1 Hostess Maker",
    "EXPLANATION": "Addestra tutte le hostess del Creatore di Hostess per diventare\nle numero uno."
  },
  "9": {
    "NAME": "Saigo's Training",
    "EXPLANATION": "Completa tutti i corsi di addestramento di Saigo."
  },
  "10": {
    "NAME": "Master's Helper",
    "EXPLANATION": "Completa tutti i compiti del Maestro."
  },
  "11": {
    "NAME": "Nair's Training",
    "EXPLANATION": "Aiuta Nair a raggiungere il suo obiettivo."
  },
  "12": {
    "NAME": "Coliseum",
    "EXPLANATION": "Vinci tutti i tornei al Colosseo."
  },
  "13": {
    "NAME": "Fighter Maker",
    "EXPLANATION": "Tutti i tuoi apprendisti devono vincere il Torneo delle Reclute."
  },
  "14": {
    "NAME": "Police Scanner",
    "EXPLANATION": "Risolvi casi specifici ascoltati sullo scanner della polizia."
  },
  "15": {
    "NAME": "Gang Encounters",
    "EXPLANATION": "Sconfiggi tutte le bande."
  },
  "16": {
    "NAME": "IF7-R",
    "EXPLANATION": "Sconfiggi tutti i nemici."
  },
  "17": {
    "NAME": "Heat Actions",
    "EXPLANATION": "Usa ogni Azione Heat."
  },
  "types": {
    "NAME": "string_idx",
    "EXPLANATION": "string"
  }
}