{
  "0": {
    "NAME": "Aromatherapy Massage",
    "EXP": "Attained by achieving the highest rating in all courses.",
    "STRING": "Standard Massage Course"
  },
  "1": {
    "NAME": "",
    "EXP": "",
    "STRING": "Deluxe Massage Course"
  },
  "2": {
    "NAME": "",
    "EXP": "",
    "STRING": "VIP Oil Massage Course"
  },
  "3": {
    "NAME": "",
    "EXP": "",
    "STRING": "Super VIP Massage Course"
  },
  "4": {
    "NAME": "Table Tennis",
    "EXP": "Attained by defeating your opponent in all matches.",
    "STRING": "Go Easy"
  },
  "5": {
    "NAME": "",
    "EXP": "",
    "STRING": "Play Normally"
  },
  "6": {
    "NAME": "",
    "EXP": "",
    "STRING": "Go All Out"
  },
  "7": {
    "NAME": "Darts",
    "EXP": "Attained by defeating your opponent in all modes.",
    "STRING": "'01 (Beginner)"
  },
  "8": {
    "NAME": "",
    "EXP": "",
    "STRING": "'01 (Intermediate)"
  },
  "9": {
    "NAME": "",
    "EXP": "",
    "STRING": "'01 (Advanced)"
  },
  "10": {
    "NAME": "",
    "EXP": "",
    "STRING": "Standard Cricket (Beginner)"
  },
  "11": {
    "NAME": "",
    "EXP": "",
    "STRING": "Standard Cricket (Intermediate)"
  },
  "12": {
    "NAME": "",
    "EXP": "",
    "STRING": "Standard Cricket (Advanced)"
  },
  "13": {
    "NAME": "",
    "EXP": "",
    "STRING": "Random Cricket (Beginner)"
  },
  "14": {
    "NAME": "",
    "EXP": "",
    "STRING": "Random Cricket (Intermediate)"
  },
  "15": {
    "NAME": "",
    "EXP": "",
    "STRING": "Random Cricket (Advanced)"
  },
  "16": {
    "NAME": "",
    "EXP": "",
    "STRING": "Hidden Cricket (Beginner)"
  },
  "17": {
    "NAME": "",
    "EXP": "",
    "STRING": "Hidden Cricket (Intermediate)"
  },
  "18": {
    "NAME": "",
    "EXP": "",
    "STRING": "Hidden Cricket (Advanced)"
  },
  "19": {
    "NAME": "",
    "EXP": "",
    "STRING": "Count-Up (Beginner)"
  },
  "20": {
    "NAME": "",
    "EXP": "",
    "STRING": "Count-Up (Intermediate)"
  },
  "21": {
    "NAME": "",
    "EXP": "",
    "STRING": "Count-Up (Advanced)"
  },
  "22": {
    "NAME": "Pool",
    "EXP": "Attained by defeating your opponent in all modes.",
    "STRING": "Nine-Ball (Beginner)"
  },
  "23": {
    "NAME": "",
    "EXP": "",
    "STRING": "Nine-Ball (Intermediate)"
  },
  "24": {
    "NAME": "",
    "EXP": "",
    "STRING": "Nine-Ball (Advanced)"
  },
  "25": {
    "NAME": "",
    "EXP": "",
    "STRING": "Nine-Ball (Expert)"
  },
  "26": {
    "NAME": "",
    "EXP": "",
    "STRING": "Rotation (Beginner)"
  },
  "27": {
    "NAME": "",
    "EXP": "",
    "STRING": "Rotation (Intermediate)"
  },
  "28": {
    "NAME": "",
    "EXP": "",
    "STRING": "Rotation (Advanced)"
  },
  "29": {
    "NAME": "",
    "EXP": "",
    "STRING": "Rotation (Expert)"
  },
  "30": {
    "NAME": "",
    "EXP": "",
    "STRING": "Eight-Ball (Beginner)"
  },
  "31": {
    "NAME": "",
    "EXP": "",
    "STRING": "Eight-Ball (Intermediate)"
  },
  "32": {
    "NAME": "",
    "EXP": "",
    "STRING": "Eight-Ball (Advanced)"
  },
  "33": {
    "NAME": "",
    "EXP": "",
    "STRING": "Eight-Ball (Expert)"
  },
  "34": {
    "NAME": "",
    "EXP": "",
    "STRING": "Four-Ball (Beginner)"
  },
  "35": {
    "NAME": "",
    "EXP": "",
    "STRING": "Four-Ball (Intermediate)"
  },
  "36": {
    "NAME": "",
    "EXP": "",
    "STRING": "Four-Ball (Advanced)"
  },
  "37": {
    "NAME": "",
    "EXP": "",
    "STRING": "Four-Ball (Expert)"
  },
  "38": {
    "NAME": "Bowling",
    "EXP": "Attained by scoring at least 200 in 10 frames.",
    "STRING": "10-Frame Scoring"
  },
  "39": {
    "NAME": "Karaoke",
    "EXP": "Attained by getting the highest rank for all songs.",
    "STRING": "Otomeiro My Life"
  },
  "40": {
    "NAME": "",
    "EXP": "",
    "STRING": "Machine Gun Kiss"
  },
  "41": {
    "NAME": "",
    "EXP": "",
    "STRING": "Pure Love in Kamurocho"
  },
  "42": {
    "NAME": "",
    "EXP": "",
    "STRING": "Raindrops"
  },
  "43": {
    "NAME": "",
    "EXP": "",
    "STRING": "Get to the Top!"
  },
  "44": {
    "NAME": "",
    "EXP": "",
    "STRING": "I Wanna Change Myself"
  },
  "45": {
    "NAME": "",
    "EXP": "",
    "STRING": "Kamurocho Lullaby"
  },
  "46": {
    "NAME": "",
    "EXP": "",
    "STRING": "Summer Memories"
  },
  "47": {
    "NAME": "",
    "EXP": "",
    "STRING": "Where Has Your Touch Gone?"
  },
  "48": {
    "NAME": "",
    "EXP": "",
    "STRING": "Saturday Night笘�Lover"
  },
  "49": {
    "NAME": "",
    "EXP": "",
    "STRING": "Shooting Star"
  },
  "50": {
    "NAME": "Cee-lo",
    "EXP": "Attained by scoring a cumulative total of more than 20,000 points.",
    "STRING": "Cumulative Score"
  },
  "51": {
    "NAME": "Cho-han",
    "EXP": "Attained by scoring a cumulative total of more than 20,000 points.",
    "STRING": "Cumulative Score"
  },
  "52": {
    "NAME": "Koi-koi",
    "EXP": "Attained by scoring a cumulative total of more than 20,000 points.",
    "STRING": "Cumulative Score"
  },
  "53": {
    "NAME": "Oicho-kabu",
    "EXP": "Attained by scoring a cumulative total of more than 10,000 points.",
    "STRING": "Cumulative Score"
  },
  "54": {
    "NAME": "Roulette",
    "EXP": "Attained by winning a cumulative total of more than 20,000 chips.",
    "STRING": "Cumulative Chip Total"
  },
  "55": {
    "NAME": "Poker",
    "EXP": "Attained by winning more than 10,000 chips in a single session.",
    "STRING": "Chips Won in a Single Session"
  },
  "56": {
    "NAME": "Blackjack",
    "EXP": "Attained by winning more than 10,000 chips in a single session.",
    "STRING": "Chips Won in a Single Session"
  },
  "57": {
    "NAME": "Baccarat",
    "EXP": "Attained by winning a cumulative total of more than 20,000 chips.",
    "STRING": "Cumulative Chip Total"
  },
  "58": {
    "NAME": "UFO Catcher",
    "EXP": "Attained by winning all prizes.",
    "STRING": "Prizes Won"
  },
  "59": {
    "NAME": "Answer x Answer",
    "EXP": "Attained by winning each quiz at least once.",
    "STRING": "Buzz-In"
  },
  "60": {
    "NAME": "",
    "EXP": "",
    "STRING": "Buzz-In Word Association"
  },
  "61": {
    "NAME": "",
    "EXP": "",
    "STRING": "Chicken"
  },
  "62": {
    "NAME": "",
    "EXP": "",
    "STRING": "Multiple Answers"
  },
  "63": {
    "NAME": "",
    "EXP": "",
    "STRING": "Multiple Answer Buildup"
  },
  "64": {
    "NAME": "",
    "EXP": "",
    "STRING": "Where Does It Go?"
  },
  "65": {
    "NAME": "Boxcelios",
    "EXP": "Attained by reaching level 50.",
    "STRING": "Level Reached"
  },
  "66": {
    "NAME": "Boxcelios 2",
    "EXP": "Attained by reaching level 50.",
    "STRING": "Level Reached"
  },
  "67": {
    "NAME": "Pachinko",
    "EXP": "Attained by winning more than 5,000 balls in a single play session\non any machine.",
    "STRING": "Maximum Balls Won"
  },
  "68": {
    "NAME": "Shogi",
    "EXP": "Attained by winning more than 5 times.",
    "STRING": "Cumulative Win Total"
  },
  "69": {
    "NAME": "Mahjong",
    "EXP": "Attained by scoring more than 50,000 points in a single game.",
    "STRING": "Points Scored in a Single Game"
  },
  "70": {
    "NAME": "Batting Cage",
    "EXP": "Attained by scoring more than the specified number of points in all games.",
    "STRING": "Easy Game"
  },
  "71": {
    "NAME": "",
    "EXP": "",
    "STRING": "Normal Game"
  },
  "72": {
    "NAME": "",
    "EXP": "",
    "STRING": "Hard Game"
  },
  "73": {
    "NAME": "",
    "EXP": "",
    "STRING": "Extra Hard Game"
  },
  "74": {
    "NAME": "Golf",
    "EXP": "Attained by scoring -5 or less in a competition.",
    "STRING": "High Score"
  },
  "75": {
    "NAME": "Fishing",
    "EXP": "Attained by catching every type of fish.",
    "STRING": "Fish Caught"
  },
  "types": {
    "NAME": "string_idx",
    "EXP": "string_idx",
    "STRING": "string"
  }
}
