{
  "0": {
    "NAME": "Apprendista Hostess 1",
    "SCENARIO_STATUS": "81460007",
    "EXPLANATION": "La tua prima apprendista all'Elise | diventata una hostess numero uno."
  },
  "1": {
    "NAME": "Apprendista Hostess 2",
    "SCENARIO_STATUS": "81460008",
    "EXPLANATION": "La tua seconda apprendista all'Elise | diventata una hostess numero uno."
  },
  "2": {
    "NAME": "Apprendista Hostess 3",
    "SCENARIO_STATUS": "81460009",
    "EXPLANATION": "La tua terza apprendista all'Elise | diventata una hostess numero uno."
  },
  "types": {
    "NAME": "string_idx",
    "SCENARIO_STATUS": "special_scenariostatus",
    "EXPLANATION": "string"
  }
}