{
  "0": {
    "略名\u0000string_idx]": "[独立個人名]",
    "相手略名\u0000string_idx]": "明智",
    "ライン\u0000string_idx]": "",
    "関係\u0000string_idx]": "",
    "有効シナリオステータス\u0000special_scenariocompare]": "",
    "相関関係\u0000string_idx]": "",
    "オプション\u0000string]": ""
  },
  "1": {
    "略名\u0000string_idx]": "[独立個人名]",
    "相手略名\u0000string_idx]": "織田",
    "ライン\u0000string_idx]": "",
    "関係\u0000string_idx]": "",
    "有効シナリオステータス\u0000special_scenariocompare]": "",
    "相関関係\u0000string_idx]": "",
    "オプション\u0000string]": ""
  },
  "2": {
    "略名\u0000string_idx]": "[独立個人名]",
    "相手略名\u0000string_idx]": "宇佐美",
    "ライン\u0000string_idx]": "",
    "関係\u0000string_idx]": "",
    "有効シナリオステータス\u0000special_scenariocompare]": "",
    "相関関係\u0000string_idx]": "",
    "オプション\u0000string]": ""
  },
  "3": {
    "略名\u0000string_idx]": "[独立個人名]",
    "相手略名\u0000string_idx]": "木下",
    "ライン\u0000string_idx]": "",
    "関係\u0000string_idx]": "",
    "有効シナリオステータス\u0000special_scenariocompare]": "",
    "相関関係\u0000string_idx]": "",
    "オプション\u0000string]": ""
  },
  "4": {
    "略名\u0000string_idx]": "[独立個人名]",
    "相手略名\u0000string_idx]": "浅井",
    "ライン\u0000string_idx]": "",
    "関係\u0000string_idx]": "",
    "有効シナリオステータス\u0000special_scenariocompare]": "",
    "相関関係\u0000string_idx]": "",
    "オプション\u0000string]": ""
  },
  "5": {
    "略名\u0000string_idx]": "[独立個人名]",
    "相手略名\u0000string_idx]": "今川",
    "ライン\u0000string_idx]": "",
    "関係\u0000string_idx]": "",
    "有効シナリオステータス\u0000special_scenariocompare]": "",
    "相関関係\u0000string_idx]": "",
    "オプション\u0000string]": ""
  },
  "6": {
    "略名\u0000string_idx]": "[独立個人名]",
    "相手略名\u0000string_idx]": "希",
    "ライン\u0000string_idx]": "",
    "関係\u0000string_idx]": "",
    "有効シナリオステータス\u0000special_scenariocompare]": "",
    "相関関係\u0000string_idx]": "",
    "オプション\u0000string]": ""
  },
  "7": {
    "略名\u0000string_idx]": "[独立個人名]",
    "相手略名\u0000string_idx]": "裕子",
    "ライン\u0000string_idx]": "",
    "関係\u0000string_idx]": "",
    "有効シナリオステータス\u0000special_scenariocompare]": "",
    "相関関係\u0000string_idx]": "",
    "オプション\u0000string]": ""
  },
  "8": {
    "略名\u0000string_idx]": "[独立個人名]",
    "相手略名\u0000string_idx]": "前田",
    "ライン\u0000string_idx]": "",
    "関係\u0000string_idx]": "",
    "有効シナリオステータス\u0000special_scenariocompare]": "",
    "相関関係\u0000string_idx]": "",
    "オプション\u0000string]": ""
  },
  "9": {
    "略名\u0000string_idx]": "明智",
    "相手略名\u0000string_idx]": "織田",
    "ライン\u0000string_idx]": "→",
    "関係\u0000string_idx]": "敵",
    "有効シナリオステータス\u0000special_scenariocompare]": "",
    "相関関係\u0000string_idx]": "殺害？",
    "オプション\u0000string]": "TURN_3TO1"
  },
  "10": {
    "略名\u0000string_idx]": "",
    "相手略名\u0000string_idx]": "宇佐美",
    "ライン\u0000string_idx]": "─",
    "関係\u0000string_idx]": "友",
    "有効シナリオステータス\u0000special_scenariocompare]": "",
    "相関関係\u0000string_idx]": "恋人",
    "オプション\u0000string]": ""
  },
  "11": {
    "略名\u0000string_idx]": "",
    "相手略名\u0000string_idx]": "木下",
    "ライン\u0000string_idx]": "←",
    "関係\u0000string_idx]": "敵",
    "有効シナリオステータス\u0000special_scenariocompare]": "",
    "相関関係\u0000string_idx]": "現場で目撃",
    "オプション\u0000string]": ""
  },
  "12": {
    "略名\u0000string_idx]": "",
    "相手略名\u0000string_idx]": "前田",
    "ライン\u0000string_idx]": "←",
    "関係\u0000string_idx]": "敵",
    "有効シナリオステータス\u0000special_scenariocompare]": "",
    "相関関係\u0000string_idx]": "逮捕",
    "オプション\u0000string]": ""
  },
  "13": {
    "略名\u0000string_idx]": "",
    "相手略名\u0000string_idx]": "希",
    "ライン\u0000string_idx]": "─",
    "関係\u0000string_idx]": "友",
    "有効シナリオステータス\u0000special_scenariocompare]": "",
    "相関関係\u0000string_idx]": "兄妹",
    "オプション\u0000string]": ""
  },
  "14": {
    "略名\u0000string_idx]": "宇佐美",
    "相手略名\u0000string_idx]": "織田",
    "ライン\u0000string_idx]": "─",
    "関係\u0000string_idx]": "友",
    "有効シナリオステータス\u0000special_scenariocompare]": "",
    "相関関係\u0000string_idx]": "浮気",
    "オプション\u0000string]": "START_C"
  },
  "15": {
    "略名\u0000string_idx]": "浅井",
    "相手略名\u0000string_idx]": "今川",
    "ライン\u0000string_idx]": "→",
    "関係\u0000string_idx]": "敵",
    "有効シナリオステータス\u0000special_scenariocompare]": "",
    "相関関係\u0000string_idx]": "私物を盗む",
    "オプション\u0000string]": ""
  },
  "16": {
    "略名\u0000string_idx]": "木下",
    "相手略名\u0000string_idx]": "裕子",
    "ライン\u0000string_idx]": "─",
    "関係\u0000string_idx]": "友",
    "有効シナリオステータス\u0000special_scenariocompare]": "",
    "相関関係\u0000string_idx]": "夫婦",
    "オプション\u0000string]": ""
  },
  "types": {
    "略名\u0000string_idx]": "string_idx",
    "相手略名\u0000string_idx]": "string_idx",
    "ライン\u0000string_idx]": "string_idx",
    "関係\u0000string_idx]": "string_idx",
    "有効シナリオステータス\u0000special_scenariocompare]": "special_scenariostatus",
    "相関関係\u0000string_idx]": "string_idx",
    "オプション\u0000string]": "string"
  }
}