{
  "0": {
    "在籍\u0000string_idx]": "事件の関係者",
    "相関図グループ\u0000string_idx]": "容疑者",
    "氏名\u0000string_idx]": "明智勇一",
    "略名\u0000string_idx]": "明智",
    "全体像テクスチャ\u0000string_idx]": "2d_cf_jin_mm_akechi_p",
    "顔テクスチャ\u0000string_idx]": "2d_cf_jin_face_mm_akechi_p",
    "有効シナリオステータス\u0000special_scenariocompare]": "80030000",
    "紹介文\u0000string_idx]": "●喫茶アルプスのウェイター。"
  },
  "1": {
    "在籍\u0000string_idx]": "",
    "相関図グループ\u0000string_idx]": "",
    "氏名\u0000string_idx]": "",
    "略名\u0000string_idx]": "",
    "全体像テクスチャ\u0000string_idx]": "",
    "顔テクスチャ\u0000string_idx]": "",
    "有効シナリオステータス\u0000special_scenariocompare]": "",
    "紹介文\u0000string_idx]": "●喫茶アルプスのウェイター。\n●ウェイトレスの宇佐美とは恋愛関係にあった。\n●閉店作業中にロッカールームの前を通りがかり、\n　店長の織田と宇佐美の浮気現場を目撃。\n●部屋に押し入り、灰皿で織田を撲殺した（？）\n●裏口から逃走する姿を同僚の木下が目撃。\n●凶器に付着した指紋が逮捕の決め手。\n●実刑判決を受け、服役中。"
  },
  "2": {
    "在籍\u0000string_idx]": "",
    "相関図グループ\u0000string_idx]": "",
    "氏名\u0000string_idx]": "",
    "略名\u0000string_idx]": "",
    "全体像テクスチャ\u0000string_idx]": "",
    "顔テクスチャ\u0000string_idx]": "",
    "有効シナリオステータス\u0000special_scenariocompare]": "",
    "紹介文\u0000string_idx]": "●喫茶アルプスのウェイター。\n●ウェイトレスの宇佐美とは恋愛関係にあった。\n●閉店作業中にロッカールームの前を通りがかり、\n　店長の織田と宇佐美の浮気現場を目撃。\n●部屋に押し入り、灰皿で織田を撲殺した（？）\n●裏口から逃走する姿を同僚の木下が目撃。\n●実刑判決を受け、服役中。\n\n★「アリバイ」「目撃証言」「動機」「指紋」が\n　犯行を裏付けるとして、容疑が確定した。"
  },
  "3": {
    "在籍\u0000string_idx]": "",
    "相関図グループ\u0000string_idx]": "被害者",
    "氏名\u0000string_idx]": "織田和夫",
    "略名\u0000string_idx]": "織田",
    "全体像テクスチャ\u0000string_idx]": "2d_cf_jin_mm_oda_p",
    "顔テクスチャ\u0000string_idx]": "2d_cf_jin_face_mm_oda_p",
    "有効シナリオステータス\u0000special_scenariocompare]": "",
    "紹介文\u0000string_idx]": "●喫茶アルプスの店長。"
  },
  "4": {
    "在籍\u0000string_idx]": "",
    "相関図グループ\u0000string_idx]": "",
    "氏名\u0000string_idx]": "",
    "略名\u0000string_idx]": "",
    "全体像テクスチャ\u0000string_idx]": "",
    "顔テクスチャ\u0000string_idx]": "",
    "有効シナリオステータス\u0000special_scenariocompare]": "",
    "紹介文\u0000string_idx]": "●喫茶アルプスの店長。\n●ウェイトレスの宇佐美と浮気していたところを\n　明智に見つかる。\n●激昂した明智に灰皿で殴られ、殺害された（？）\n●死因は頭部打撲による脳挫傷。"
  },
  "5": {
    "在籍\u0000string_idx]": "",
    "相関図グループ\u0000string_idx]": "",
    "氏名\u0000string_idx]": "",
    "略名\u0000string_idx]": "",
    "全体像テクスチャ\u0000string_idx]": "",
    "顔テクスチャ\u0000string_idx]": "",
    "有効シナリオステータス\u0000special_scenariocompare]": "",
    "紹介文\u0000string_idx]": "●喫茶アルプスの店長。\n●ウェイトレスの宇佐美と浮気していたところを\n　明智に見つかる。\n●激昂した明智に灰皿で殴られ、殺害された（？）\n●死因は頭部打撲による脳挫傷。\n\n★事件当時、斎藤という女と付き合っていたらしい。"
  },
  "6": {
    "在籍\u0000string_idx]": "",
    "相関図グループ\u0000string_idx]": "喫茶アルプスの店員",
    "氏名\u0000string_idx]": "宇佐美佐和子",
    "略名\u0000string_idx]": "宇佐美",
    "全体像テクスチャ\u0000string_idx]": "2d_cf_jin_mm_usami_p",
    "顔テクスチャ\u0000string_idx]": "2d_cf_jin_face_mm_usami_p",
    "有効シナリオステータス\u0000special_scenariocompare]": "",
    "紹介文\u0000string_idx]": "●喫茶アルプスのウェイトレス。"
  },
  "7": {
    "在籍\u0000string_idx]": "",
    "相関図グループ\u0000string_idx]": "",
    "氏名\u0000string_idx]": "",
    "略名\u0000string_idx]": "",
    "全体像テクスチャ\u0000string_idx]": "",
    "顔テクスチャ\u0000string_idx]": "",
    "有効シナリオステータス\u0000special_scenariocompare]": "",
    "紹介文\u0000string_idx]": "●喫茶アルプスのウェイトレス。\n●容疑者の明智とは恋愛関係にあった。\n●事件当日は早番で既に業務を終えていたが、ずっと\n　店内に残っていた。\n●織田と浮気していたところを明智に目撃される。"
  },
  "8": {
    "在籍\u0000string_idx]": "",
    "相関図グループ\u0000string_idx]": "",
    "氏名\u0000string_idx]": "",
    "略名\u0000string_idx]": "",
    "全体像テクスチャ\u0000string_idx]": "",
    "顔テクスチャ\u0000string_idx]": "",
    "有効シナリオステータス\u0000special_scenariocompare]": "",
    "紹介文\u0000string_idx]": "●喫茶アルプスのウェイトレス。\n●容疑者の明智とは恋愛関係にあった。\n●事件当日は早番で既に業務を終えていたが、ずっと\n　店内に残っていた。\n●織田と浮気していたところを明智に目撃される。\n\n★現在は「マッハボウル」で働いている。"
  },
  "9": {
    "在籍\u0000string_idx]": "",
    "相関図グループ\u0000string_idx]": "",
    "氏名\u0000string_idx]": "",
    "略名\u0000string_idx]": "",
    "全体像テクスチャ\u0000string_idx]": "",
    "顔テクスチャ\u0000string_idx]": "",
    "有効シナリオステータス\u0000special_scenariocompare]": "",
    "紹介文\u0000string_idx]": "●喫茶アルプスのウェイトレス。\n●容疑者の明智とは恋愛関係にあった。\n●事件当日は早番で既に業務を終えていたが、ずっと\n　店内に残っていた。\n●織田と浮気していたところを明智に目撃される。\n★明智が織田を殺すところは見なかった。\n★現在は「マッハボウル」で働いている。"
  },
  "10": {
    "在籍\u0000string_idx]": "",
    "相関図グループ\u0000string_idx]": "",
    "氏名\u0000string_idx]": "木下マサル",
    "略名\u0000string_idx]": "木下",
    "全体像テクスチャ\u0000string_idx]": "2d_cf_jin_mm_kino_p",
    "顔テクスチャ\u0000string_idx]": "2d_cf_jin_face_mm_kino_p",
    "有効シナリオステータス\u0000special_scenariocompare]": "",
    "紹介文\u0000string_idx]": "●喫茶アルプスのウェイター。"
  },
  "11": {
    "在籍\u0000string_idx]": "",
    "相関図グループ\u0000string_idx]": "",
    "氏名\u0000string_idx]": "",
    "略名\u0000string_idx]": "",
    "全体像テクスチャ\u0000string_idx]": "",
    "顔テクスチャ\u0000string_idx]": "",
    "有効シナリオステータス\u0000special_scenariocompare]": "",
    "紹介文\u0000string_idx]": "●喫茶アルプスのウェイター。\n●事件発生当時、明智と一緒に清掃作業をしていた。\n●現場から逃走する明智を目撃した後、死体となった\n　織田を発見し、警察に通報した。"
  },
  "12": {
    "在籍\u0000string_idx]": "",
    "相関図グループ\u0000string_idx]": "",
    "氏名\u0000string_idx]": "",
    "略名\u0000string_idx]": "",
    "全体像テクスチャ\u0000string_idx]": "",
    "顔テクスチャ\u0000string_idx]": "",
    "有効シナリオステータス\u0000special_scenariocompare]": "",
    "紹介文\u0000string_idx]": "●喫茶アルプスのウェイター。\n●事件発生当時、明智と一緒に清掃作業をしていた。\n●現場から逃走する明智を目撃した後、死体となった\n　織田を発見し、警察に通報した。\n\n★現在は「喫茶アルプス」で店長をしている。"
  },
  "13": {
    "在籍\u0000string_idx]": "",
    "相関図グループ\u0000string_idx]": "",
    "氏名\u0000string_idx]": "",
    "略名\u0000string_idx]": "",
    "全体像テクスチャ\u0000string_idx]": "",
    "顔テクスチャ\u0000string_idx]": "",
    "有効シナリオステータス\u0000special_scenariocompare]": "",
    "紹介文\u0000string_idx]": "●喫茶アルプスのウェイター。\n●事件発生当時、明智と一緒に清掃作業をしていた。\n●現場から逃走する明智を目撃した後、死体となった\n　織田を発見し、警察に通報した。\n★その際、犯人の顔までは見なかった。\n★現在は「喫茶アルプス」で店長をしている。"
  },
  "14": {
    "在籍\u0000string_idx]": "",
    "相関図グループ\u0000string_idx]": "",
    "氏名\u0000string_idx]": "",
    "略名\u0000string_idx]": "",
    "全体像テクスチャ\u0000string_idx]": "",
    "顔テクスチャ\u0000string_idx]": "",
    "有効シナリオステータス\u0000special_scenariocompare]": "",
    "紹介文\u0000string_idx]": "●喫茶アルプスのウェイター。\n●事件発生当時、明智と一緒に清掃作業をしていた。\n●現場から逃走する明智を目撃した後、死体となった\n　織田を発見し、警察に通報した。\n★その際、犯人の顔までは見なかった。\n★現在は「喫茶アルプス」で店長をしている。\n★裕子という名の妻がいる。"
  },
  "15": {
    "在籍\u0000string_idx]": "",
    "相関図グループ\u0000string_idx]": "",
    "氏名\u0000string_idx]": "浅井総一郎",
    "略名\u0000string_idx]": "浅井",
    "全体像テクスチャ\u0000string_idx]": "2d_cf_jin_mm_asai_p",
    "顔テクスチャ\u0000string_idx]": "2d_cf_jin_face_mm_asai_p",
    "有効シナリオステータス\u0000special_scenariocompare]": "",
    "紹介文\u0000string_idx]": "●喫茶アルプスのウェイター。"
  },
  "16": {
    "在籍\u0000string_idx]": "",
    "相関図グループ\u0000string_idx]": "",
    "氏名\u0000string_idx]": "",
    "略名\u0000string_idx]": "",
    "全体像テクスチャ\u0000string_idx]": "",
    "顔テクスチャ\u0000string_idx]": "",
    "有効シナリオステータス\u0000special_scenariocompare]": "",
    "紹介文\u0000string_idx]": "●喫茶アルプスのウェイター。\n●事件発生当時、レジで売上を計算していた。"
  },
  "17": {
    "在籍\u0000string_idx]": "",
    "相関図グループ\u0000string_idx]": "",
    "氏名\u0000string_idx]": "",
    "略名\u0000string_idx]": "",
    "全体像テクスチャ\u0000string_idx]": "",
    "顔テクスチャ\u0000string_idx]": "",
    "有効シナリオステータス\u0000special_scenariocompare]": "",
    "紹介文\u0000string_idx]": "●喫茶アルプスのウェイター。\n●事件発生当時、レジで売上を計算していた。\n\n★現在は「ポッポ　中道通り裏店」で働いている。"
  },
  "18": {
    "在籍\u0000string_idx]": "",
    "相関図グループ\u0000string_idx]": "",
    "氏名\u0000string_idx]": "",
    "略名\u0000string_idx]": "",
    "全体像テクスチャ\u0000string_idx]": "",
    "顔テクスチャ\u0000string_idx]": "",
    "有効シナリオステータス\u0000special_scenariocompare]": "",
    "紹介文\u0000string_idx]": "●喫茶アルプスのウェイター。\n●事件発生当時、レジで売上を計算していた。\n\n★現在は「ポッポ　中道通り裏店」で働いている。\n★事件よりも前に、織田が恋人と店内で抱き合って\n　いたのを何度か目撃したことがあるらしい。"
  },
  "19": {
    "在籍\u0000string_idx]": "",
    "相関図グループ\u0000string_idx]": "",
    "氏名\u0000string_idx]": "",
    "略名\u0000string_idx]": "",
    "全体像テクスチャ\u0000string_idx]": "",
    "顔テクスチャ\u0000string_idx]": "",
    "有効シナリオステータス\u0000special_scenariocompare]": "",
    "紹介文\u0000string_idx]": "●喫茶アルプスのウェイター。\n●事件発生当時、レジで売上を計算していた。\n\n★現在は「ポッポ　中道通り裏店」で働いている。\n★事件よりも前に、織田が斎藤という女と店内で抱き\n　合っていたのを何度か目撃したことがあるらしい。\n★今川のロッカーから財布やＣＤを盗んだことが\n　ことがあるが、制服は盗んでいないらしい。"
  },
  "20": {
    "在籍\u0000string_idx]": "",
    "相関図グループ\u0000string_idx]": "",
    "氏名\u0000string_idx]": "今川忠",
    "略名\u0000string_idx]": "今川",
    "全体像テクスチャ\u0000string_idx]": "2d_cf_jin_mm_imagawa_p",
    "顔テクスチャ\u0000string_idx]": "2d_cf_jin_face_mm_imagawa_p",
    "有効シナリオステータス\u0000special_scenariocompare]": "",
    "紹介文\u0000string_idx]": "●喫茶アルプスのウェイター。"
  },
  "21": {
    "在籍\u0000string_idx]": "",
    "相関図グループ\u0000string_idx]": "",
    "氏名\u0000string_idx]": "",
    "略名\u0000string_idx]": "",
    "全体像テクスチャ\u0000string_idx]": "",
    "顔テクスチャ\u0000string_idx]": "",
    "有効シナリオステータス\u0000special_scenariocompare]": "",
    "紹介文\u0000string_idx]": "●喫茶アルプスのウェイター。\n●事件当日は非番。"
  },
  "22": {
    "在籍\u0000string_idx]": "",
    "相関図グループ\u0000string_idx]": "",
    "氏名\u0000string_idx]": "",
    "略名\u0000string_idx]": "",
    "全体像テクスチャ\u0000string_idx]": "",
    "顔テクスチャ\u0000string_idx]": "",
    "有効シナリオステータス\u0000special_scenariocompare]": "",
    "紹介文\u0000string_idx]": "●喫茶アルプスのウェイター。\n●事件当日は非番。\n\n★現在は「クラブセガ　劇場前店」で働いている。"
  },
  "23": {
    "在籍\u0000string_idx]": "",
    "相関図グループ\u0000string_idx]": "",
    "氏名\u0000string_idx]": "",
    "略名\u0000string_idx]": "",
    "全体像テクスチャ\u0000string_idx]": "",
    "顔テクスチャ\u0000string_idx]": "",
    "有効シナリオステータス\u0000special_scenariocompare]": "",
    "紹介文\u0000string_idx]": "●喫茶アルプスのウェイター。\n●事件当日は非番。\n\n★現在は「クラブセガ　劇場前店」で働いている。\n★ロッカーの中に仕舞っていた財布・ＣＤ・制服など\n　が盗まれることがあったらしい。"
  },
  "24": {
    "在籍\u0000string_idx]": "明智の妹",
    "相関図グループ\u0000string_idx]": "明智の妹",
    "氏名\u0000string_idx]": "明智希",
    "略名\u0000string_idx]": "希",
    "全体像テクスチャ\u0000string_idx]": "2d_cf_jin_mm_nozomi_p",
    "顔テクスチャ\u0000string_idx]": "2d_cf_jin_face_mm_nozomi_p",
    "有効シナリオステータス\u0000special_scenariocompare]": "",
    "紹介文\u0000string_idx]": "●明智勇一の妹。"
  },
  "25": {
    "在籍\u0000string_idx]": "",
    "相関図グループ\u0000string_idx]": "",
    "氏名\u0000string_idx]": "",
    "略名\u0000string_idx]": "",
    "全体像テクスチャ\u0000string_idx]": "",
    "顔テクスチャ\u0000string_idx]": "",
    "有効シナリオステータス\u0000special_scenariocompare]": "",
    "紹介文\u0000string_idx]": "●明智勇一の妹。\n●某有名私立女子高に通っている。\n●卒業後は進学せず、就職する予定。\n\n★兄の無実を信じ、再審を求めるために情報提供を\n　呼びかけるビラを配っている。"
  },
  "26": {
    "在籍\u0000string_idx]": "木下の妻",
    "相関図グループ\u0000string_idx]": "木下の妻",
    "氏名\u0000string_idx]": "木下裕子",
    "略名\u0000string_idx]": "裕子",
    "全体像テクスチャ\u0000string_idx]": "2d_cf_jin_mm_yuko_p",
    "顔テクスチャ\u0000string_idx]": "2d_cf_jin_face_mm_yuko_p",
    "有効シナリオステータス\u0000special_scenariocompare]": "",
    "紹介文\u0000string_idx]": "★木下マサルの妻。"
  },
  "27": {
    "在籍\u0000string_idx]": "",
    "相関図グループ\u0000string_idx]": "",
    "氏名\u0000string_idx]": "",
    "略名\u0000string_idx]": "",
    "全体像テクスチャ\u0000string_idx]": "",
    "顔テクスチャ\u0000string_idx]": "",
    "有効シナリオステータス\u0000special_scenariocompare]": "",
    "紹介文\u0000string_idx]": "★木下マサルの妻。\n★喫茶アルプスでウェイトレスをしていたことも\n　あったが、事件当時既に退職していた。\n★事件当日も喫茶アルプスを訪れていないらしい。\n★よくホストクラブに通っているらしい。"
  },
  "28": {
    "在籍\u0000string_idx]": "",
    "相関図グループ\u0000string_idx]": "",
    "氏名\u0000string_idx]": "",
    "略名\u0000string_idx]": "",
    "全体像テクスチャ\u0000string_idx]": "",
    "顔テクスチャ\u0000string_idx]": "",
    "有効シナリオステータス\u0000special_scenariocompare]": "",
    "紹介文\u0000string_idx]": "★木下マサルの妻。\n★喫茶アルプスでウェイトレスをしていたことも\n　あったが、事件当時既に退職していた。\n★事件当日も喫茶アルプスを訪れていないらしい。\n★よくホストクラブに通っているらしい。\n★女性向け商品を開発・販売するベンチャー企業の\n　経営者として、注目を集めているらしい。"
  },
  "29": {
    "在籍\u0000string_idx]": "警視庁",
    "相関図グループ\u0000string_idx]": "担当刑事",
    "氏名\u0000string_idx]": "前田淳二",
    "略名\u0000string_idx]": "前田",
    "全体像テクスチャ\u0000string_idx]": "2d_cf_jin_mm_maeda_p",
    "顔テクスチャ\u0000string_idx]": "2d_cf_jin_face_mm_maeda_p",
    "有効シナリオステータス\u0000special_scenariocompare]": "",
    "紹介文\u0000string_idx]": "●警視庁捜査一課の刑事。"
  },
  "30": {
    "在籍\u0000string_idx]": "",
    "相関図グループ\u0000string_idx]": "",
    "氏名\u0000string_idx]": "",
    "略名\u0000string_idx]": "",
    "全体像テクスチャ\u0000string_idx]": "",
    "顔テクスチャ\u0000string_idx]": "",
    "有効シナリオステータス\u0000special_scenariocompare]": "",
    "紹介文\u0000string_idx]": "●警視庁捜査一課の刑事。\n●初動から事件の捜査を担当。\n●発生から間もなく明智勇一の容疑を固め、逮捕。\n●無類の酒好きで、毎晩のように神室町に繰り出し、\n　どこかのバーで飲んでいる。\n●コーヒーが苦手。"
  },
  "types": {
    "在籍\u0000string_idx]": "string_idx",
    "相関図グループ\u0000string_idx]": "string_idx",
    "氏名\u0000string_idx]": "string_idx",
    "略名\u0000string_idx]": "string_idx",
    "全体像テクスチャ\u0000string_idx]": "string_idx",
    "顔テクスチャ\u0000string_idx]": "string_idx",
    "有効シナリオステータス\u0000special_scenariocompare]": "special_scenariostatus",
    "紹介文\u0000string_idx]": "string_idx"
  }
}