{
  "0": {
    "所属\u0000string_idx]": "事件の関係者",
    "相関図グループ\u0000string_idx]": "容疑者",
    "有効シナリオステータス\u0000special_scenariocompare]": "80030000",
    "説明文\u0000string_idx]": "事件の容疑者。",
    "アライン\u0000string_idx] ": "LT",
    "X座標\u0000string_idx]": "-150",
    "Y座標\u0000string_idx]": "0",
    "カラー赤\u0000string_idx]": "128",
    "カラー緑\u0000string_idx]": "128",
    "カラー青\u0000string_idx]": "255",
    "レイアウト\u0000string_idx]": "1"
  },
  "1": {
    "所属\u0000string_idx]": "",
    "相関図グループ\u0000string_idx]": "被害者",
    "有効シナリオステータス\u0000special_scenariocompare]": "80030000",
    "説明文\u0000string_idx]": "事件の被害者。",
    "アライン\u0000string_idx] ": "LT",
    "X座標\u0000string_idx]": "300",
    "Y座標\u0000string_idx]": "-275",
    "カラー赤\u0000string_idx]": "128",
    "カラー緑\u0000string_idx]": "128",
    "カラー青\u0000string_idx]": "128",
    "レイアウト\u0000string_idx]": "1"
  },
  "2": {
    "所属\u0000string_idx]": "",
    "相関図グループ\u0000string_idx]": "喫茶アルプスの店員",
    "有効シナリオステータス\u0000special_scenariocompare]": "80030000",
    "説明文\u0000string_idx]": "事件発生当時、喫茶アルプスで働いていた人物。",
    "アライン\u0000string_idx] ": "LT",
    "X座標\u0000string_idx]": "300",
    "Y座標\u0000string_idx]": "0",
    "カラー赤\u0000string_idx]": "0",
    "カラー緑\u0000string_idx]": "160",
    "カラー青\u0000string_idx]": "255",
    "レイアウト\u0000string_idx]": "2,2"
  },
  "3": {
    "所属\u0000string_idx]": "明智の妹",
    "相関図グループ\u0000string_idx]": "明智の妹",
    "有効シナリオステータス\u0000special_scenariocompare]": "80030000",
    "説明文\u0000string_idx]": "[個人]",
    "アライン\u0000string_idx] ": "LT",
    "X座標\u0000string_idx]": "-175",
    "Y座標\u0000string_idx]": "245",
    "カラー赤\u0000string_idx]": "",
    "カラー緑\u0000string_idx]": "",
    "カラー青\u0000string_idx]": "",
    "レイアウト\u0000string_idx]": "1"
  },
  "4": {
    "所属\u0000string_idx]": "木下の妻",
    "相関図グループ\u0000string_idx]": "木下の妻",
    "有効シナリオステータス\u0000special_scenariocompare]": "80030000",
    "説明文\u0000string_idx]": "[個人]",
    "アライン\u0000string_idx] ": "LT",
    "X座標\u0000string_idx]": "705",
    "Y座標\u0000string_idx]": "-275",
    "カラー赤\u0000string_idx]": "",
    "カラー緑\u0000string_idx]": "",
    "カラー青\u0000string_idx]": "",
    "レイアウト\u0000string_idx]": "1"
  },
  "5": {
    "所属\u0000string_idx]": "警視庁",
    "相関図グループ\u0000string_idx]": "担当刑事",
    "有効シナリオステータス\u0000special_scenariocompare]": "80030000",
    "説明文\u0000string_idx]": "事件の捜査を担当した刑事。",
    "アライン\u0000string_idx] ": "LT",
    "X座標\u0000string_idx]": "-600",
    "Y座標\u0000string_idx]": "0",
    "カラー赤\u0000string_idx]": "96",
    "カラー緑\u0000string_idx]": "160",
    "カラー青\u0000string_idx]": "96",
    "レイアウト\u0000string_idx]": "1"
  },
  "types": {
    "所属\u0000string_idx]": "string_idx",
    "相関図グループ\u0000string_idx]": "string_idx",
    "有効シナリオステータス\u0000special_scenariocompare]": "special_scenariostatus",
    "説明文\u0000string_idx]": "string_idx",
    "アライン\u0000string_idx] ": "string_idx",
    "X座標\u0000string_idx]": "string_idx",
    "Y座標\u0000string_idx]": "string_idx",
    "カラー赤\u0000string_idx]": "string_idx",
    "カラー緑\u0000string_idx]": "string_idx",
    "カラー青\u0000string_idx]": "string_idx",
    "レイアウト\u0000string_idx]": "string_idx"
  }
}