{
  "0": {
    "CONTENTS": "Informazioni sulle Funzionalit~ di Rete",
    "CONTENTS_EXP": "Informazioni sulle funzionalit~ di rete.",
    "MSG_WINDOW": "Informazioni sulle funzionalit~ di rete.",
    "MAIN_EXP": "Yakuza 4 include vari servizi di rete che\npossono essere utilizzati gratuitamente semplicemente collegandosi a\nPlayStationNetwork.\n1. Extra\n2. Modalit~ Classifica Online\n3. Annunci Dinamici\n\n~^ necessaria una connessione a banda larga.",
    "MAIN_EXP2": "~Le voci 2 e 3 richiedono anche l'accesso a un\naccount PlayStationNetwork.\n\nPer maggiori informazioni su PlayStationNetwork,\nconsulta il manuale di PlayStation4 o\nvisita il sito seguente.\n\nhttp://us.playstation.com/psn/",
    "MAIN_EXP3": "Informazioni sugli Extra (1)\nYakuza 4 avr~ aggiornamenti regolari ricchi di\nextra come i seguenti:\n\n- Giochi Speciali\n- Pacchetti Oggetti\n- Costumi dei Personaggi",
    "MAIN_EXP4": "Informazioni sugli Extra (2)\n\nSe la tua PlayStation4 | connessa a Internet,\nsi aggiorner~ automaticamente all'avvio di Yakuza 4.\nSe l'aggiornamento fallisce a causa di problemi di connessione,\nvai su \"Rete\" dal Menu Principale e seleziona \"Aggiornamento Manuale.\"",
    "MAIN_EXP5": "Informazioni sulla Modalit~ Classifica Online (1)\nGiocando ai seguenti giochi in Yakuza 4, entrerai\nin classifiche con altri utenti.\n1. Boxcelios (Club SEGA)\n2. Boxcelios 2 (Club SEGA)\n3. Freccette (Bantam)\n4. Battuta (Gabbia di Battuta Yoshida)\n5. Bowling (Mach Bowl)\n6. Ping Pong (Terme di Yunosono)",
    "MAIN_EXP6": "Informazioni sulla Modalit~ Classifica Online (2)\n\nVisita il Palazzo di Naomi in Via Tenkaichi per\naccedere a giochi speciali non giocabili altrove.\nAnche questi giochi hanno classifiche.\n\nNota: dovrai soddisfare determinate condizioni\nprima di poterli sbloccare.\nPer maggiori dettagli, visita il Palazzo di Naomi.",
    "MAIN_EXP7": "Informazioni sugli Annunci Dinamici\n\nGli Annunci Dinamici utilizzano la tua connessione Internet per\naggiornare insegne e poster intorno a Kamurocho\ncon pubblicit~ di prodotti del mondo reale,\nportando la citt~ in vita con un maggiore realismo.\nL'accesso a PlayStationNetwork\nmantiene aggiornato il tuo Kamurocho.",
    "MAIN_EXP8": "Visita il sito web ufficiale per le date di rilascio dei contenuti\ne altre informazioni:\n\n\n\nhttp://ryu-ga-gotoku.com/",
    "MAIN_EXP9": ""
  },
  "1": {
    "CONTENTS": "\"Voglio Cambiare Me Stessa\" di Haruka",
    "CONTENTS_EXP": "Seleziona \"GIOCHI SPECIALI\" dal Menu del Titolo per giocare.",
    "MSG_WINDOW": "",
    "MAIN_EXP": "",
    "MAIN_EXP2": "",
    "MAIN_EXP3": "",
    "MAIN_EXP4": "",
    "MAIN_EXP5": "",
    "MAIN_EXP6": "",
    "MAIN_EXP7": "",
    "MAIN_EXP8": "",
    "MAIN_EXP9": ""
  },
  "2": {
    "CONTENTS": "\"Amore Puro a Kamurocho\" di Akiyama e Hana (Versione Epilogo)",
    "CONTENTS_EXP": "Seleziona \"GIOCHI SPECIALI\" dal Menu del Titolo per giocare.",
    "MSG_WINDOW": "",
    "MAIN_EXP": "",
    "MAIN_EXP2": "",
    "MAIN_EXP3": "",
    "MAIN_EXP4": "",
    "MAIN_EXP5": "",
    "MAIN_EXP6": "",
    "MAIN_EXP7": "",
    "MAIN_EXP8": "",
    "MAIN_EXP9": ""
  },
  "3": {
    "CONTENTS": "Cambio Costume per Akiyama",
    "CONTENTS_EXP": "Nuovo costume per Akiyama aggiunto. Disponibile solo\nin modalit~ Avventura Premium.",
    "MSG_WINDOW": "",
    "MAIN_EXP": "Akiyama: Ce l'ho fatta alla grande\n\nDisponibile solo in modalit~ Avventura Premium.\nI costumi possono essere cambiati nei nascondigli.",
    "MAIN_EXP2": "",
    "MAIN_EXP3": "",
    "MAIN_EXP4": "",
    "MAIN_EXP5": "",
    "MAIN_EXP6": "",
    "MAIN_EXP7": "",
    "MAIN_EXP8": "",
    "MAIN_EXP9": ""
  },
  "4": {
    "CONTENTS": "Cambio Costume per Saejima",
    "CONTENTS_EXP": "Nuovo costume per Saejima aggiunto. Disponibile solo\nin modalit~ Avventura Premium.",
    "MSG_WINDOW": "",
    "MAIN_EXP": "Saejima: Maschera di Taiga\n\nDisponibile solo in modalit~ Avventura Premium.\nI costumi possono essere cambiati nei nascondigli.",
    "MAIN_EXP2": "",
    "MAIN_EXP3": "",
    "MAIN_EXP4": "",
    "MAIN_EXP5": "",
    "MAIN_EXP6": "",
    "MAIN_EXP7": "",
    "MAIN_EXP8": "",
    "MAIN_EXP9": ""
  },
  "5": {
    "CONTENTS": "Cambio Costume per Tanimura",
    "CONTENTS_EXP": "Nuovo costume per Tanimura aggiunto. Disponibile solo\nin modalit~ Avventura Premium.",
    "MSG_WINDOW": "",
    "MAIN_EXP": "Tanimura: Kung Fu II\n\nDisponibile solo in modalit~ Avventura Premium.\nI costumi possono essere cambiati nei nascondigli.",
    "MAIN_EXP2": "",
    "MAIN_EXP3": "",
    "MAIN_EXP4": "",
    "MAIN_EXP5": "",
    "MAIN_EXP6": "",
    "MAIN_EXP7": "",
    "MAIN_EXP8": "",
    "MAIN_EXP9": ""
  },
  "6": {
    "CONTENTS": "Cambio Costume per Kiryu",
    "CONTENTS_EXP": "Nuovo costume per Kiryu aggiunto. Disponibile solo\nin modalit~ Avventura Premium.",
    "MSG_WINDOW": "",
    "MAIN_EXP": "Kiryu: Maschera del Drago\n\nDisponibile solo in Avventura Premium.\nI costumi possono essere cambiati nei nascondigli.",
    "MAIN_EXP2": "",
    "MAIN_EXP3": "",
    "MAIN_EXP4": "",
    "MAIN_EXP5": "",
    "MAIN_EXP6": "",
    "MAIN_EXP7": "",
    "MAIN_EXP8": "",
    "MAIN_EXP9": ""
  },
  "7": {
    "CONTENTS": "Cambio Costume per Haruka",
    "CONTENTS_EXP": "Nuovo costume per Haruka aggiunto. Disponibile solo\nin modalit~ Avventura Premium.",
    "MSG_WINDOW": "",
    "MAIN_EXP": "Haruka: Giovane Cheerleader\n\nDisponibile solo in Avventura Premium.\nI costumi possono essere cambiati nei nascondigli.",
    "MAIN_EXP2": "",
    "MAIN_EXP3": "",
    "MAIN_EXP4": "",
    "MAIN_EXP5": "",
    "MAIN_EXP6": "",
    "MAIN_EXP7": "",
    "MAIN_EXP8": "",
    "MAIN_EXP9": ""
  },
  "8": {
    "CONTENTS": "Campionato del Re della Battaglia SP nel Colosseo Sotterraneo",
    "CONTENTS_EXP": "Modalit~ di gioco extra aggiunta. Giocala visitando\nil Palazzo di Naomi in Avventura Premium dopo aver finito\nil gioco.",
    "MSG_WINDOW": "Puoi giocare a questo gioco andando al Palazzo di Naomi\nin Via Tenkaichi. Segui la mappa per arrivarci.",
    "MAIN_EXP": "縲€- Chi Sar~ il Re della Battaglia!? -\n\nAbbatti i nemici nel Colosseo Sotterraneo uno\ndopo l'altro, gareggiando per il primo posto. Combatti in sfide\nseparate per ciascuno dei quattro personaggi principali.\nMa una volta che sei eliminato, sei fuori!\n\nSupporta la modalit~ Classifica Online! Combatti!\nChi diventer~ il Re della Battaglia supremo?",
    "MAIN_EXP2": "",
    "MAIN_EXP3": "",
    "MAIN_EXP4": "",
    "MAIN_EXP5": "",
    "MAIN_EXP6": "",
    "MAIN_EXP7": "",
    "MAIN_EXP8": "",
    "MAIN_EXP9": ""
  },
  "9": {
    "CONTENTS": "Tag di Sopravvivenza SP",
    "CONTENTS_EXP": "Modalit~ di gioco extra aggiunta. Giocala visitando\nil Palazzo di Naomi in Avventura Premium dopo aver finito\nil gioco.",
    "MSG_WINDOW": "Puoi giocare a questo gioco andando al Palazzo di Naomi\nin Via Tenkaichi. Segui la mappa per arrivarci.",
    "MAIN_EXP": "- ^ Tornato con una Vendetta! -\nHa preso d'assalto Kamurocho nel 2009. Ora l'amata\nmodalit~ \"Tag di Sopravvivenza\" | tornata e migliore\nche mai con missioni nuove di zecca. Fuggi dalle\nmani di Bob Utsunomiya in una lotta ad alto rischio,\nad alto rendimento e da batticuore! Viene fornito con\nuna nuova modalit~ \"Infinita\" che supporta la modalit~\nClassifica Online! Diventa il sopravvissuto supremo!",
    "MAIN_EXP2": "",
    "MAIN_EXP3": "",
    "MAIN_EXP4": "",
    "MAIN_EXP5": "",
    "MAIN_EXP6": "",
    "MAIN_EXP7": "",
    "MAIN_EXP8": "",
    "MAIN_EXP9": ""
  },
  "10": {
    "CONTENTS": "Campionato del Re della Velocit~ nel Parcheggio Sotterraneo",
    "CONTENTS_EXP": "Modalit~ di gioco extra aggiunta. Giocala visitando\nil Palazzo di Naomi in Avventura Premium dopo aver finito\nil gioco.",
    "MSG_WINDOW": "Puoi giocare a questo gioco andando al Palazzo di Naomi\nin Via Tenkaichi. Segui la mappa per arrivarci.",
    "MAIN_EXP": "縲€- Il Vero Re della Velocit~ Sar~ Incoronato -\n\nCorri tre giri intorno al percorso del Parcheggio Centrale di Kamurocho\nnel minor tempo possibile! Un campo di battaglia davvero degno\nper una battaglia davvero epica. Chi diventer~\nil vero Re della Velocit~ di Kamurocho?",
    "MAIN_EXP2": "",
    "MAIN_EXP3": "",
    "MAIN_EXP4": "",
    "MAIN_EXP5": "",
    "MAIN_EXP6": "",
    "MAIN_EXP7": "",
    "MAIN_EXP8": "",
    "MAIN_EXP9": ""
  },
  "11": {
    "CONTENTS": "Nuovo Grado per l'Umore di Haruka",
    "CONTENTS_EXP": "EX-SSS | stato aggiunto come grado di Umore per\nHaruka. Questo grado | disponibile solo in Avventura Premium.",
    "MSG_WINDOW": "",
    "MAIN_EXP": "",
    "MAIN_EXP2": "",
    "MAIN_EXP3": "",
    "MAIN_EXP4": "",
    "MAIN_EXP5": "",
    "MAIN_EXP6": "",
    "MAIN_EXP7": "",
    "MAIN_EXP8": "",
    "MAIN_EXP9": ""
  },
  "12": {
    "CONTENTS": "Pacchetto Oggetti 1",
    "CONTENTS_EXP": "Disponibile durante la storia principale o la modalit~ Avventura Premium\n(selezionabile dopo aver finito il gioco). Ritiralo visitando\nil Palazzo di Naomi.",
    "MSG_WINDOW": "I Pacchetti Oggetti possono essere ritirati al Palazzo di Naomi\nin Via Tenkaichi. Segui la mappa per arrivarci.",
    "MAIN_EXP": "Un pacchetto premio per il guerriero stanco!\n\n- Staminan Royale\n- Tauriner ++\n- Imperatore della Resistenza\n- Driver in Titanio\n- Corazza Antiproiettile",
    "MAIN_EXP2": "",
    "MAIN_EXP3": "",
    "MAIN_EXP4": "",
    "MAIN_EXP5": "",
    "MAIN_EXP6": "",
    "MAIN_EXP7": "",
    "MAIN_EXP8": "",
    "MAIN_EXP9": ""
  },
  "13": {
    "CONTENTS": "Pacchetto Oggetti 2",
    "CONTENTS_EXP": "Disponibile durante la storia principale o la modalit~ Avventura Premium\n(selezionabile dopo aver finito il gioco). Ritiralo visitando\nil Palazzo di Naomi.",
    "MSG_WINDOW": "I Pacchetti Oggetti possono essere ritirati al Palazzo di Naomi\nin Via Tenkaichi. Segui la mappa per arrivarci.",
    "MAIN_EXP": "Un pacchetto premio per il guerriero stanco!\n\n- Staminan Royale\n- Tauriner ++\n- Imperatore della Resistenza\n- Pistola Stordente Iper\n- Vincolo del Giocatore d'Azzardo",
    "MAIN_EXP2": "",
    "MAIN_EXP3": "",
    "MAIN_EXP4": "",
    "MAIN_EXP5": "",
    "MAIN_EXP6": "",
    "MAIN_EXP7": "",
    "MAIN_EXP8": "",
    "MAIN_EXP9": ""
  },
  "14": {
    "CONTENTS": "Pacchetto Oggetti 3",
    "CONTENTS_EXP": "Disponibile durante la storia principale o la modalit~ Avventura Premium\n(selezionabile dopo aver finito il gioco). Ritiralo visitando\nil Palazzo di Naomi.",
    "MSG_WINDOW": "I Pacchetti Oggetti possono essere ritirati al Palazzo di Naomi\nin Via Tenkaichi. Segui la mappa per arrivarci.",
    "MAIN_EXP": "Un pacchetto premio per il guerriero stanco!\n\n- Staminan Royale\n- Tauriner ++\n- Imperatore della Resistenza\n- Insegna in Miniatura\n- Vincolo Sanguinario",
    "MAIN_EXP2": "",
    "MAIN_EXP3": "",
    "MAIN_EXP4": "",
    "MAIN_EXP5": "",
    "MAIN_EXP6": "",
    "MAIN_EXP7": "",
    "MAIN_EXP8": "",
    "MAIN_EXP9": ""
  },
  "15": {
    "CONTENTS": "Pacchetto Oggetti 4",
    "CONTENTS_EXP": "Disponibile durante la storia principale o la modalit~ Avventura Premium\n(selezionabile dopo aver finito il gioco). Ritiralo visitando\nil Palazzo di Naomi.",
    "MSG_WINDOW": "I Pacchetti Oggetti possono essere ritirati al Palazzo di Naomi\nin Via Tenkaichi. Segui la mappa per arrivarci.",
    "MAIN_EXP": "Un pacchetto premio per il guerriero stanco!\n\n- Staminan Royale\n- Tauriner ++\n- Imperatore della Resistenza\n- Guanti del Demone\n- Bracciale di Tormalina",
    "MAIN_EXP2": "",
    "MAIN_EXP3": "",
    "MAIN_EXP4": "",
    "MAIN_EXP5": "",
    "MAIN_EXP6": "",
    "MAIN_EXP7": "",
    "MAIN_EXP8": "",
    "MAIN_EXP9": ""
  },
  "16": {
    "CONTENTS": "Pacchetto Oggetti 5",
    "CONTENTS_EXP": "Disponibile durante la storia principale o la modalit~ Avventura Premium\n(selezionabile dopo aver finito il gioco). Ritiralo visitando\nil Palazzo di Naomi.",
    "MSG_WINDOW": "I Pacchetti Oggetti possono essere ritirati al Palazzo di Naomi\nin Via Tenkaichi. Segui la mappa per arrivarci.",
    "MAIN_EXP": "Un pacchetto premio per il guerriero stanco!\n\n- Staminan Royale\n- Tauriner ++\n- Imperatore della Resistenza\n- Tempesta di Sakura\n- Anello di Ritorno",
    "MAIN_EXP2": "",
    "MAIN_EXP3": "",
    "MAIN_EXP4": "",
    "MAIN_EXP5": "",
    "MAIN_EXP6": "",
    "MAIN_EXP7": "",
    "MAIN_EXP8": "",
    "MAIN_EXP9": ""
  },
  "17": {
    "CONTENTS": "Pacchetto Oggetti 6",
    "CONTENTS_EXP": "Disponibile durante la storia principale o la modalit~ Avventura Premium\n(selezionabile dopo aver finito il gioco). Ritiralo visitando\nil Palazzo di Naomi.",
    "MSG_WINDOW": "I Pacchetti Oggetti possono essere ritirati al Palazzo di Naomi\nin Via Tenkaichi. Segui la mappa per arrivarci.",
    "MAIN_EXP": "Un pacchetto premio per il guerriero stanco!\n\n- Staminan Royale\n- Tauriner ++\n- Imperatore della Resistenza\n- Spada Larga del Clan del Loto\n- Anello del Campione",
    "MAIN_EXP2": "",
    "MAIN_EXP3": "",
    "MAIN_EXP4": "",
    "MAIN_EXP5": "",
    "MAIN_EXP6": "",
    "MAIN_EXP7": "",
    "MAIN_EXP8": "",
    "MAIN_EXP9": ""
  },
  "18": {
    "CONTENTS": "Pacchetto Oggetti 7",
    "CONTENTS_EXP": "Disponibile durante la storia principale o la modalit~ Avventura Premium\n(selezionabile dopo aver finito il gioco). Ritiralo visitando\nil Palazzo di Naomi.",
    "MSG_WINDOW": "I Pacchetti Oggetti possono essere ritirati al Palazzo di Naomi\nin Via Tenkaichi. Segui la mappa per arrivarci.",
    "MAIN_EXP": "Un pacchetto premio per il guerriero stanco!\n\n- Scintilla di Staminan\n- Tauriner Massimo\n- Resistenza Infinita\n- Pistola Automatica 9mm\n- Cotta di Maglia Antica",
    "MAIN_EXP2": "",
    "MAIN_EXP3": "",
    "MAIN_EXP4": "",
    "MAIN_EXP5": "",
    "MAIN_EXP6": "",
    "MAIN_EXP7": "",
    "MAIN_EXP8": "",
    "MAIN_EXP9": ""
  },
  "19": {
    "CONTENTS": "Pacchetto Oggetti 8",
    "CONTENTS_EXP": "Disponibile durante la storia principale o la modalit~ Avventura Premium\n(selezionabile dopo aver finito il gioco). Ritiralo visitando\nil Palazzo di Naomi.",
    "MSG_WINDOW": "I Pacchetti Oggetti possono essere ritirati al Palazzo di Naomi\nin Via Tenkaichi. Segui la mappa per arrivarci.",
    "MAIN_EXP": "Un pacchetto premio per il guerriero stanco!\n\n- Scintilla di Staminan\n- Tauriner Massimo\n- Resistenza Infinita\n- M1985 Rotto\n- Armatura Corpo SWAT",
    "MAIN_EXP2": "",
    "MAIN_EXP3": "",
    "MAIN_EXP4": "",
    "MAIN_EXP5": "",
    "MAIN_EXP6": "",
    "MAIN_EXP7": "",
    "MAIN_EXP8": "",
    "MAIN_EXP9": ""
  },
  "20": {
    "CONTENTS": "Pacchetto S-Oggetti 1",
    "CONTENTS_EXP": "Disponibile in Nuova Partita+ o modalit~ Avventura Premium (entrambe\nsono selezionabili dopo aver finito il gioco). Ritiralo visitando\nil Palazzo di Naomi.",
    "MSG_WINDOW": "I Pacchetti Oggetti possono essere ritirati al Palazzo di Naomi\nin Via Tenkaichi. Segui la mappa per arrivarci.",
    "MAIN_EXP": "Oggetti adatti per una nuova hostess!\n- Anello del Cuore\n- Bracciale della Popolarit~\n- Orologio Svizzero",
    "MAIN_EXP2": "",
    "MAIN_EXP3": "",
    "MAIN_EXP4": "",
    "MAIN_EXP5": "",
    "MAIN_EXP6": "",
    "MAIN_EXP7": "",
    "MAIN_EXP8": "",
    "MAIN_EXP9": ""
  },
  "21": {
    "CONTENTS": "Pacchetto S-Oggetti 2",
    "CONTENTS_EXP": "Disponibile in Nuova Partita+ o modalit~ Avventura Premium (entrambe\nsono selezionabili dopo aver finito il gioco). Ritiralo visitando\nil Palazzo di Naomi.",
    "MSG_WINDOW": "I Pacchetti Oggetti possono essere ritirati al Palazzo di Naomi\nin Via Tenkaichi. Segui la mappa per arrivarci.",
    "MAIN_EXP": "Ora stai giocando d'azzardo con i grandi.\n\n- Amuleto del Giocatore d'Azzardo\n- Carta Arricchisci-ti-Rapidamente\n- Pietra della Fortuna",
    "MAIN_EXP2": "",
    "MAIN_EXP3": "",
    "MAIN_EXP4": "",
    "MAIN_EXP5": "",
    "MAIN_EXP6": "",
    "MAIN_EXP7": "",
    "MAIN_EXP8": "",
    "MAIN_EXP9": ""
  },
  "22": {
    "CONTENTS": "Pacchetto S-Oggetti 3",
    "CONTENTS_EXP": "Disponibile in Nuova Partita+ o modalit~ Avventura Premium (entrambe\nsono selezionabili dopo aver finito il gioco). Ritiralo visitando\nil Palazzo di Naomi.",
    "MSG_WINDOW": "I Pacchetti Oggetti possono essere ritirati al Palazzo di Naomi\nin Via Tenkaichi. Segui la mappa per arrivarci.",
    "MAIN_EXP": "Usa le modifiche per diventare inarrestabile!\n\n- Cintura in Pelle di Tigre\n- Scintilla di Staminan\n- Scintilla di Staminan",
    "MAIN_EXP2": "",
    "MAIN_EXP3": "",
    "MAIN_EXP4": "",
    "MAIN_EXP5": "",
    "MAIN_EXP6": "",
    "MAIN_EXP7": "",
    "MAIN_EXP8": "",
    "MAIN_EXP9": ""
  },
  "23": {
    "CONTENTS": "Pacchetto S-Oggetti 4",
    "CONTENTS_EXP": "Disponibile in Nuova Partita+ o modalit~ Avventura Premium (entrambe\nsono selezionabili dopo aver finito il gioco). Ritiralo visitando\nil Palazzo di Naomi.",
    "MSG_WINDOW": "I Pacchetti Oggetti possono essere ritirati al Palazzo di Naomi\nin Via Tenkaichi. Segui la mappa per arrivarci.",
    "MAIN_EXP": "Per i maestri di golf, bowling e pesca!\n\n- Falco Dorato\n- Palla Maestra\n- Aragosta",
    "MAIN_EXP2": "",
    "MAIN_EXP3": "",
    "MAIN_EXP4": "",
    "MAIN_EXP5": "",
    "MAIN_EXP6": "",
    "MAIN_EXP7": "",
    "MAIN_EXP8": "",
    "MAIN_EXP9": ""
  },
  "24": {
    "CONTENTS": "Pacchetto S-Oggetti 5",
    "CONTENTS_EXP": "Disponibile in Nuova Partita+ o modalit~ Avventura Premium (entrambe\nsono selezionabili dopo aver finito il gioco). Ritiralo visitando\nil Palazzo di Naomi.",
    "MSG_WINDOW": "I Pacchetti Oggetti possono essere ritirati al Palazzo di Naomi\nin Via Tenkaichi. Segui la mappa per arrivarci.",
    "MAIN_EXP": "Non c'| modo di perdere con questi!\n\n- Carta 1-1-1\n- Perle di Goro Pari\n- Sigaretta Sbilenca",
    "MAIN_EXP2": "",
    "MAIN_EXP3": "",
    "MAIN_EXP4": "",
    "MAIN_EXP5": "",
    "MAIN_EXP6": "",
    "MAIN_EXP7": "",
    "MAIN_EXP8": "",
    "MAIN_EXP9": ""
  },
  "25": {
    "CONTENTS": "Pacchetto S-Oggetti 6",
    "CONTENTS_EXP": "Disponibile in Nuova Partita+ o modalit~ Avventura Premium (entrambe\nsono selezionabili dopo aver finito il gioco). Ritiralo visitando\nil Palazzo di Naomi.",
    "MSG_WINDOW": "I Pacchetti Oggetti possono essere ritirati al Palazzo di Naomi\nin Via Tenkaichi. Segui la mappa per arrivarci.",
    "MAIN_EXP": "Hai visitato il Casin# Fukuma al Purgatorio ultimamente?\n\n- Gioiello Nero\n- Gioiello Rosso\n- Gioiello Zero",
    "MAIN_EXP2": "",
    "MAIN_EXP3": "",
    "MAIN_EXP4": "",
    "MAIN_EXP5": "",
    "MAIN_EXP6": "",
    "MAIN_EXP7": "",
    "MAIN_EXP8": "",
    "MAIN_EXP9": ""
  },
  "26": {
    "CONTENTS": "Pacchetto S-Oggetti 7",
    "CONTENTS_EXP": "Disponibile in Nuova Partita+ o modalit~ Avventura Premium (entrambe\nsono selezionabili dopo aver finito il gioco). Ritiralo visitando\nil Palazzo di Naomi.",
    "MSG_WINDOW": "I Pacchetti Oggetti possono essere ritirati al Palazzo di Naomi\nin Via Tenkaichi. Segui la mappa per arrivarci.",
    "MAIN_EXP": "Rendi il tuo pugno il pi& forte della storia!\n\n- Sigillo del Drago\n- Occhio del Drago\n- Diamante",
    "MAIN_EXP2": "",
    "MAIN_EXP3": "",
    "MAIN_EXP4": "",
    "MAIN_EXP5": "",
    "MAIN_EXP6": "",
    "MAIN_EXP7": "",
    "MAIN_EXP8": "",
    "MAIN_EXP9": ""
  },
  "27": {
    "CONTENTS": "Pacchetto S-Oggetti 8",
    "CONTENTS_EXP": "Disponibile in Nuova Partita+ o modalit~ Avventura Premium (entrambe\nsono selezionabili dopo aver finito il gioco). Ritiralo visitando\nil Palazzo di Naomi.",
    "MSG_WINDOW": "I Pacchetti Oggetti possono essere ritirati al Palazzo di Naomi\nin Via Tenkaichi. Segui la mappa per arrivarci.",
    "MAIN_EXP": "C'| qualcosa di pericoloso in questa formazione...\n\n- Prototipo NSD\n- Polvere da Sparo SSS\n- Convertitore di Gravit~",
    "MAIN_EXP2": "",
    "MAIN_EXP3": "",
    "MAIN_EXP4": "",
    "MAIN_EXP5": "",
    "MAIN_EXP6": "",
    "MAIN_EXP7": "",
    "MAIN_EXP8": "",
    "MAIN_EXP9": ""
  },
  "types": {
    "CONTENTS": "string",
    "CONTENTS_EXP": "string",
    "MSG_WINDOW": "string",
    "MAIN_EXP": "string",
    "MAIN_EXP2": "string",
    "MAIN_EXP3": "string",
    "MAIN_EXP4": "string",
    "MAIN_EXP5": "string",
    "MAIN_EXP6": "string",
    "MAIN_EXP7": "string",
    "MAIN_EXP8": "string",
    "MAIN_EXP9": "string"
  }
}