{
  "0": {
    "シナリオ\u0000special_scenariocategory]": "000000d3",
    "名前\u0000string]": "死刑執行屋　バツ",
    "謝礼金\u0000string]": "５万円",
    "場所_リスト\u0000string]": "神室町",
    "場所_情報\u0000string]": "神室町泰平通り東で目撃情報あり",
    "戦力情報\u0000string]": "強力な鈍器を使用する",
    "調査内容\u0000string]": "ターゲットは、ヒットマンのバツという男です。\n非常に強い力を持ち、人の首を軽くひねることから\n「死刑執行屋」の異名を持っています。\n\n彼は元々、ある有名な組の構成員だったのですが\n敵対していた組の幹部を殺した罪で\n長い間刑務所暮らしをしていたようです。\n\nこういった仕事をした構成員は刑期を終えた後\n組で優遇される場合が多いですが\n彼は組に戻らず、極道に身を置く人間を襲うという\n行為を繰り返しているようです。",
    "開放フラグ\u0000special_scenariostatus]": "80d30000",
    "請負フラグ\u0000special_scenariostatus]": "80d30001",
    "完了フラグ\u0000special_scenariostatus]": "80d30005",
    "画像ファイル名\u0000string]": "hitman01",
    "初期顔表示\u0000string]": "ON"
  },
  "1": {
    "シナリオ\u0000special_scenariocategory]": "000000d5",
    "名前\u0000string]": "殺し屋　コータロー",
    "謝礼金\u0000string]": "7万円",
    "場所_リスト\u0000string]": "神室町",
    "場所_情報\u0000string]": "神室町西公園で目撃情報あり",
    "戦力情報\u0000string]": "特殊な武器を使用する\n逃げ足が速いらしいので要注意",
    "調査内容\u0000string]": "ターゲットは、コータローというヒットマンです。\n\n「殺し屋」を名乗り、復讐者に所属しながらも\n表立ってヒットマン稼業を行っているようです。\n\nしかし、彼の被害にあった人間というのは\n今のところ一切報告されていません。\n犯行の隠蔽が巧妙なのか、依頼をあまり受けないのか\n詳しいところは分かっていません。\n\n一閃という名の高名な師匠に師事していたらしく\nその腕前はかなりの物だと思われます。",
    "開放フラグ\u0000special_scenariostatus]": "80d50000",
    "請負フラグ\u0000special_scenariostatus]": "80d50001",
    "完了フラグ\u0000special_scenariostatus]": "80d50007",
    "画像ファイル名\u0000string]": "hitman03",
    "初期顔表示\u0000string]": "ON"
  },
  "2": {
    "シナリオ\u0000special_scenariocategory]": "000000d9",
    "名前\u0000string]": "ぼろ布の蓮谷",
    "謝礼金\u0000string]": "9万円",
    "場所_リスト\u0000string]": "神室町",
    "場所_情報\u0000string]": "神室町第三公園で目撃情報あり",
    "戦力情報\u0000string]": "武器は所持していない",
    "調査内容\u0000string]": "蓮谷という男が今回のターゲットです。\n\n蓮谷はヒットマン稼業で儲けているにも関わらず\n非常にみすぼらしい格好をしています。\n「ぼろ布」というあだ名はその格好に\n由来するようです。\n\n神室町の第三公園で、誰かと密会をしているとの\n報告が入っています。\n仕事の依頼を受けている可能性があるので\n密会している場面をおさえてください。",
    "開放フラグ\u0000special_scenariostatus]": "80d90000",
    "請負フラグ\u0000special_scenariostatus]": "80d90001",
    "完了フラグ\u0000special_scenariostatus]": "80d90005",
    "画像ファイル名\u0000string]": "hitman07",
    "初期顔表示\u0000string]": "ON"
  },
  "3": {
    "シナリオ\u0000special_scenariocategory]": "000000d6",
    "名前\u0000string]": "小田切夫妻",
    "謝礼金\u0000string]": "9万円",
    "場所_リスト\u0000string]": "神室町",
    "場所_情報\u0000string]": "神室町マッハボウルで目撃情報あり",
    "戦力情報\u0000string]": "二人組で行動している\n銃を所持しているようです",
    "調査内容\u0000string]": "今回のターゲットは小田切という名の夫妻です。\n小田切は夫婦でヒットマン稼業を営んでいるという\n非常に特異な二人組です。\n\n夫は元来から極道組織に所属するヒットマンで\nあったことが確認されていますが\n復讐者を名乗るようになってからは\n妻と共に行動するようになったようです。\n\n小田切を以前から知る人間からの情報では\n結婚したなんていう話は聞いたことがない\nとのことですが……",
    "開放フラグ\u0000special_scenariostatus]": "80d60000",
    "請負フラグ\u0000special_scenariostatus]": "80d60001",
    "完了フラグ\u0000special_scenariostatus]": "80d60008",
    "画像ファイル名\u0000string]": "hitman04",
    "初期顔表示\u0000string]": "ON"
  },
  "4": {
    "シナリオ\u0000special_scenariocategory]": "000000d4",
    "名前\u0000string]": "過去の無い男　秋津",
    "謝礼金\u0000string]": "5万円",
    "場所_リスト\u0000string]": "琉球街",
    "場所_情報\u0000string]": "琉球街モノレール駅付近で目撃情報あり",
    "戦力情報\u0000string]": "刃物を所持している",
    "調査内容\u0000string]": "ターゲットは秋津という名のヒットマンです。\n\n秋津はどうやら過去の記憶を失っているらしく\n常に不安そうにしているとのことです。\n\nヒットマンとしての腕前や風貌から\n極道に関係のある過去を持っていると\n推測されますが、定かではありません。\n\nもし、彼の記憶が戻れば\n復讐者の情報を聞き出すことも\nできるかもしれません。",
    "開放フラグ\u0000special_scenariostatus]": "80d40000",
    "請負フラグ\u0000special_scenariostatus]": "80d40001",
    "完了フラグ\u0000special_scenariostatus]": "80d40005",
    "画像ファイル名\u0000string]": "hitman02",
    "初期顔表示\u0000string]": "ON"
  },
  "5": {
    "シナリオ\u0000special_scenariocategory]": "000000d7",
    "名前\u0000string]": "鷹の目のシュウ",
    "謝礼金\u0000string]": "10万円",
    "場所_リスト\u0000string]": "神室町",
    "場所_情報\u0000string]": "神室町全域を狙い撃てる場所に\n潜伏している模様",
    "戦力情報\u0000string]": "銃を所持している",
    "調査内容\u0000string]": "ターゲットとなるのは、スナイパーのシュウです。\n\nシュウは高い狙撃の技術を持っており\n神室町全域を狙い撃つことができると\n言われています。\n\n現在は神室町に潜伏しているらしく\n依頼を請け負っているとすれば、何者かを\n狙っている可能性が非常に高いです。\n\n潜伏場所は特定できていませんが\n神室町全域を狙える高い場所にいると\n思われます。",
    "開放フラグ\u0000special_scenariostatus]": "80d70000",
    "請負フラグ\u0000special_scenariostatus]": "80d70001",
    "完了フラグ\u0000special_scenariostatus]": "80d70007",
    "画像ファイル名\u0000string]": "hitman05",
    "初期顔表示\u0000string]": "ON"
  },
  "6": {
    "シナリオ\u0000special_scenariocategory]": "000000da",
    "名前\u0000string]": "銀の弾丸　紅",
    "謝礼金\u0000string]": "12万円",
    "場所_リスト\u0000string]": "神室町",
    "場所_情報\u0000string]": "神室町劇場前広場で目撃情報あり",
    "戦力情報\u0000string]": "銃を所持している",
    "調査内容\u0000string]": "ターゲットは紅と名乗る男です。\n\n紅は、自分が復讐者のヒットマンである\nということを口外しているらしく\n彼の目撃情報は多く寄せられています。\n\n毎日決まって夜になると劇場前広場に現れ\n復讐者のヒットマンであるということを\nアピールしているようです。\n\n果たして復讐者という組織は\nその存在を隠しているのか、公にしているのか\n大きな疑問を抱かずにはいられません。",
    "開放フラグ\u0000special_scenariostatus]": "80da0000",
    "請負フラグ\u0000special_scenariostatus]": "80da0001",
    "完了フラグ\u0000special_scenariostatus]": "80da0009",
    "画像ファイル名\u0000string]": "hitman08",
    "初期顔表示\u0000string]": "ON"
  },
  "7": {
    "シナリオ\u0000special_scenariocategory]": "000000dc",
    "名前\u0000string]": "黒いハイエナ　ゼン",
    "謝礼金\u0000string]": "14万円",
    "場所_リスト\u0000string]": "神室町",
    "場所_情報\u0000string]": "神室町公園前通りの\n雑居ビルに潜伏している模様",
    "戦力情報\u0000string]": "複数の部下がいる",
    "調査内容\u0000string]": "今回のターゲットはゼンという男です。\n\nゼンは現在、堅生会の者を人質にとり\n公園前通りの雑居ビルに立て篭もっています。\n\n彼の要求は堅生会の解散と\n堅生会が保護した復讐者の解放です。\n\nゼンは非常に卑劣な男で、それゆえに\n「黒いハイエナ」という異名を持っています。\nこのままでは人質の命が危ない状況です。\nなんとか、救出を成功させてください。",
    "開放フラグ\u0000special_scenariostatus]": "80dc0000",
    "請負フラグ\u0000special_scenariostatus]": "80dc0001",
    "完了フラグ\u0000special_scenariostatus]": "80dc0008",
    "画像ファイル名\u0000string]": "hitman10",
    "初期顔表示\u0000string]": "ON"
  },
  "8": {
    "シナリオ\u0000special_scenariocategory]": "000000dd",
    "名前\u0000string]": "覆面の暗殺者　常闇",
    "謝礼金\u0000string]": "15万円",
    "場所_リスト\u0000string]": "神室町",
    "場所_情報\u0000string]": "神室町に潜伏しており\nひと気のない場所に現れる模様",
    "戦力情報\u0000string]": "特殊な武器を使用する",
    "調査内容\u0000string]": "ターゲットは常闇と名乗る男です。\n\n彼は表立ってヒットマンとして動くことはせず\n正体を隠し、犯行の痕跡を残さない\n暗殺者というスタンスをとっているようです。\n\n情報が非常に少なく、潜伏場所も\n素顔も分かっていません。\n\n覆面をしているという情報があり\nその格好でも目立たないほどひと気の少ない\n場所に現れると推測できます。",
    "開放フラグ\u0000special_scenariostatus]": "80dd0000",
    "請負フラグ\u0000special_scenariostatus]": "80dd0001",
    "完了フラグ\u0000special_scenariostatus]": "80dd0005",
    "画像ファイル名\u0000string]": "hitman11",
    "初期顔表示\u0000string]": "OFF"
  },
  "9": {
    "シナリオ\u0000special_scenariocategory]": "000000e0",
    "名前\u0000string]": "銃器マスター　鮫島",
    "謝礼金\u0000string]": "17万円",
    "場所_リスト\u0000string]": "神室町",
    "場所_情報\u0000string]": "神室町千両通り北に\n事務所を構えている模様",
    "戦力情報\u0000string]": "複数の部下がおり\n銃器を大量に所持している",
    "調査内容\u0000string]": "今回のターゲットは鮫島という男です。\n\n鮫島は過去にヒットマンとして動いていた\n経歴はありません。\n銃器の使用や流通に詳しいらしく\n復讐者の武器調達を行っている可能性が\n非常に高いです。\n\n複数の部下を抱えており、それぞれが\n銃器を所持している可能性があります。\n十分に気をつけてください。",
    "開放フラグ\u0000special_scenariostatus]": "80e00000",
    "請負フラグ\u0000special_scenariostatus]": "80e00001",
    "完了フラグ\u0000special_scenariostatus]": "80e0000c",
    "画像ファイル名\u0000string]": "hitman14",
    "初期顔表示\u0000string]": "ON"
  },
  "10": {
    "シナリオ\u0000special_scenariocategory]": "000000db",
    "名前\u0000string]": "狂気の男　ケンゴ",
    "謝礼金\u0000string]": "10万円",
    "場所_リスト\u0000string]": "琉球街",
    "場所_情報\u0000string]": "琉球街窪地川側道で目撃情報あり",
    "戦力情報\u0000string]": "特殊な武器を使用する",
    "調査内容\u0000string]": "ターゲットはケンゴというヒットマンです。\n\nケンゴは仲間殺しの罪で組から破門された\n元極道者です。\n何名もの仲間を笑いながら殺したという\n非常に危険な人物です。\n\n現在はヒットマンとしての活動は\n行っていないようですが\n復讐者の一員として裏で動いているようです。\n\n一筋縄ではいかないと思うので\n十分に気をつけてください。",
    "開放フラグ\u0000special_scenariostatus]": "80db0000",
    "請負フラグ\u0000special_scenariostatus]": "80db0001",
    "完了フラグ\u0000special_scenariostatus]": "80db0007",
    "画像ファイル名\u0000string]": "hitman09",
    "初期顔表示\u0000string]": "ON"
  },
  "11": {
    "シナリオ\u0000special_scenariocategory]": "000000d8",
    "名前\u0000string]": "出戻りのテツジ",
    "謝礼金\u0000string]": "7万円",
    "場所_リスト\u0000string]": "琉球街",
    "場所_情報\u0000string]": "琉球街琉球通りで目撃情報あり",
    "戦力情報\u0000string]": "肉弾戦を得意としている",
    "調査内容\u0000string]": "ターゲットはテツジという男です。\n\nテツジはその通り名のあらわすように\n極道の世界から堅気の世界に出たものの\nヒットマンとして再び極道の世界に戻ってきた\n経緯があります。\n\n堅気として暮らすことができなかった悩みを\n堅生会に相談に来たこともありましたが\n彼の助けになることはできませんでした。\n\nテツジ自身は\n堅生会に敵対心は持っていないようです。",
    "開放フラグ\u0000special_scenariostatus]": "80d80000",
    "請負フラグ\u0000special_scenariostatus]": "80d80001",
    "完了フラグ\u0000special_scenariostatus]": "80d80005",
    "画像ファイル名\u0000string]": "hitman06",
    "初期顔表示\u0000string]": "ON"
  },
  "12": {
    "シナリオ\u0000special_scenariocategory]": "000000e2",
    "名前\u0000string]": "殺人術の師　一閃",
    "謝礼金\u0000string]": "20万円",
    "場所_リスト\u0000string]": "琉球街",
    "場所_情報\u0000string]": "琉球街公設市場で目撃情報あり",
    "戦力情報\u0000string]": "弟子をつれている\n特殊な武器を使用する",
    "調査内容\u0000string]": "以前捕らえたコータローから情報を得ました。\n殺人術の師である一閃がターゲットです。\n\n一閃は現在は年老いたため現役を\n退いていますが、最盛期は\n目をつけられたら助かる見込みは無い\nと噂されていたようです。\n\n今は数名の弟子をとっているようですが\nコータローのように、後継が復讐者として\nその力を使うのであれば、見過ごすことは\nできません。",
    "開放フラグ\u0000special_scenariostatus]": "80e20000",
    "請負フラグ\u0000special_scenariostatus]": "80e20001",
    "完了フラグ\u0000special_scenariostatus]": "80e20007",
    "画像ファイル名\u0000string]": "hitman16",
    "初期顔表示\u0000string]": "ON"
  },
  "13": {
    "シナリオ\u0000special_scenariocategory]": "000000df",
    "名前\u0000string]": "コルシカの豹　ローレンツ",
    "謝礼金\u0000string]": "17万円",
    "場所_リスト\u0000string]": "神室町",
    "場所_情報\u0000string]": "神室町ミレニアムタワー周辺で目撃情報あり",
    "戦力情報\u0000string]": "刃物を所持している",
    "調査内容\u0000string]": "ターゲットはローレンツという外国人です。\n\nローレンツはコルシカマフィアの間では\nそれなりに名の知れたヒットマンです。\n\nなぜ現在日本にいて復讐者に所属しているのか\nローレンツの目的は完全に不明です。\n\n彼のバックのマフィアが\n絡んでいなければいいのですが……",
    "開放フラグ\u0000special_scenariostatus]": "80df0000",
    "請負フラグ\u0000special_scenariostatus]": "80df0001",
    "完了フラグ\u0000special_scenariostatus]": "80df0005",
    "画像ファイル名\u0000string]": "hitman13",
    "初期顔表示\u0000string]": "ON"
  },
  "14": {
    "シナリオ\u0000special_scenariocategory]": "000000de",
    "名前\u0000string]": "神室町の荒馬　尖鉄",
    "謝礼金\u0000string]": "15万円",
    "場所_リスト\u0000string]": "神室町",
    "場所_情報\u0000string]": "堅生会本部が襲撃されました",
    "戦力情報\u0000string]": "マシンガンを所持していた",
    "調査内容\u0000string]": "本部襲撃を阻止していただき\nありがとうございます。\n\n尖鉄は非常に暴力的なヒットマンとして\n有名でした。\nおそらく、今回の襲撃についても\n血気盛んな彼が独断で行ったと思われます。\n\n問題は、復讐者に堅生会が目をつけられて\nしまっているということです。\n早急に事を片付けなければ\n何らかの被害が出てしまうかもしれません。",
    "開放フラグ\u0000special_scenariostatus]": "80de0000",
    "請負フラグ\u0000special_scenariostatus]": "80de0001",
    "完了フラグ\u0000special_scenariostatus]": "80de0005",
    "画像ファイル名\u0000string]": "hitman12",
    "初期顔表示\u0000string]": "ON"
  },
  "15": {
    "シナリオ\u0000special_scenariocategory]": "000000e1",
    "名前\u0000string]": "復讐者の新星　ユウト",
    "謝礼金\u0000string]": "19万円",
    "場所_リスト\u0000string]": "神室町",
    "場所_情報\u0000string]": "神室町児童公園にて目撃情報あり",
    "戦力情報\u0000string]": "銃を所持している",
    "調査内容\u0000string]": "ターゲットのユウトは復讐者の中で\n最も若いヒットマンのようです。\n\n情報によると、ユウトに戦い方を教えたのは\n復讐者のボスであるとのことです。\n\n確かに過去に極道組織に所属していた\n経歴はないようです。\n\nハエヌキの復讐者なので\n何か重要な情報が得られるかもしれません。",
    "開放フラグ\u0000special_scenariostatus]": "80e10000",
    "請負フラグ\u0000special_scenariostatus]": "80e10001",
    "完了フラグ\u0000special_scenariostatus]": "80e10007",
    "画像ファイル名\u0000string]": "hitman15",
    "初期顔表示\u0000string]": "ON"
  },
  "16": {
    "シナリオ\u0000special_scenariocategory]": "000000e3",
    "名前\u0000string]": "復讐者　幹部　剛煉",
    "謝礼金\u0000string]": "20万円",
    "場所_リスト\u0000string]": "神室町",
    "場所_情報\u0000string]": "神室町千両通りに\n拠点を構えている模様",
    "戦力情報\u0000string]": "大量の人員を集めている",
    "調査内容\u0000string]": "ターゲットは剛煉という名の男です。\n\n捕らえたヒットマンからの情報では\n剛煉は復讐者の幹部であるとの事です。\n冷静沈着ながら、高い実力を持ち\n組織の中でもかなりの力を持っているようです。\n\nその剛煉が、なにやら大量の人員を\nかき集めているという情報を手に入れました。\n\n大事になる前に、拠点を叩いて\n剛煉を捕らえてください。",
    "開放フラグ\u0000special_scenariostatus]": "80e30000",
    "請負フラグ\u0000special_scenariostatus]": "80e30001",
    "完了フラグ\u0000special_scenariostatus]": "80e3000d",
    "画像ファイル名\u0000string]": "hitman17",
    "初期顔表示\u0000string]": "ON"
  },
  "17": {
    "シナリオ\u0000special_scenariocategory]": "000000e4",
    "名前\u0000string]": "盲目のヒットマン　江上",
    "謝礼金\u0000string]": "22万円",
    "場所_リスト\u0000string]": "琉球街",
    "場所_情報\u0000string]": "琉球街琉球通りで目撃情報あり",
    "戦力情報\u0000string]": "武器は使用しないが\n非常に高い実力を持っている",
    "調査内容\u0000string]": "江上という男が今回のターゲットです。\n\n情報によれば、江上は盲目だそうです。\n過去、ヒットマンとして依頼をこなしていく中で\n怪我により目が見えなくなったようですが\nなぜか江上はそれでもヒットマン稼業を続け\n多くの結果を出しているようです。\n\n盲目でも戦えるというのは信じがたいですが\nそれだけの達人だという証でもあるので\n十分に気をつけてください。",
    "開放フラグ\u0000special_scenariostatus]": "80e40000",
    "請負フラグ\u0000special_scenariostatus]": "80e40001",
    "完了フラグ\u0000special_scenariostatus]": "80e40005",
    "画像ファイル名\u0000string]": "hitman18",
    "初期顔表示\u0000string]": "ON"
  },
  "18": {
    "シナリオ\u0000special_scenariocategory]": "000000e5",
    "名前\u0000string]": "神速の刃　新崎",
    "謝礼金\u0000string]": "25万円",
    "場所_リスト\u0000string]": "神室町",
    "場所_情報\u0000string]": "目撃情報なし",
    "戦力情報\u0000string]": "不明",
    "調査内容\u0000string]": "ターゲットは「神速の刃」の異名を持つ\n伝説のヒットマン新崎です。\n\nヒットマンの中でその右に出るものはいない\nと言われていた新崎ですが\nある日突然、姿を消したそうです。\n\nしかし、沖縄で捕らえた一閃からの情報により\n復讐者に身を置いていることが判明しました。\n\n現役時代の新崎を知る者からの情報では\n新崎の部屋からはいつもギターの音が聞こえていた\nとのことですが……",
    "開放フラグ\u0000special_scenariostatus]": "80e50000",
    "請負フラグ\u0000special_scenariostatus]": "80e50001",
    "完了フラグ\u0000special_scenariostatus]": "80e50008",
    "画像ファイル名\u0000string]": "hitman19",
    "初期顔表示\u0000string]": "OFF"
  },
  "19": {
    "シナリオ\u0000special_scenariocategory]": "000000e6",
    "名前\u0000string]": "復讐者　首領　荒瀬",
    "謝礼金\u0000string]": "30万円",
    "場所_リスト\u0000string]": "神室町",
    "場所_情報\u0000string]": "目撃情報なし",
    "戦力情報\u0000string]": "不明",
    "調査内容\u0000string]": "新崎から堅生会に連絡が入りました。\n\n「復讐者のボスに会いたければ\n　桐生一馬が一人で\n　ミレニアムタワーの屋上に来い」\n\nこれが、復讐者を名乗る者達との\n最後の戦いになると思われます。\n\n桐生さん。\nよろしくお願いします！",
    "開放フラグ\u0000special_scenariostatus]": "80e60000",
    "請負フラグ\u0000special_scenariostatus]": "80e60001",
    "完了フラグ\u0000special_scenariostatus]": "80e60009",
    "画像ファイル名\u0000string]": "hitman20",
    "初期顔表示\u0000string]": "OFF"
  },
  "types": {
    "シナリオ\u0000special_scenariocategory]": "special_scenariocategory",
    "名前\u0000string]": "string",
    "謝礼金\u0000string]": "string",
    "場所_リスト\u0000string]": "string",
    "場所_情報\u0000string]": "string",
    "戦力情報\u0000string]": "string",
    "調査内容\u0000string]": "string",
    "開放フラグ\u0000special_scenariostatus]": "special_scenariostatus",
    "請負フラグ\u0000special_scenariostatus]": "special_scenariostatus",
    "完了フラグ\u0000special_scenariostatus]": "special_scenariostatus",
    "画像ファイル名\u0000string]": "string",
    "初期顔表示\u0000string]": "string"
  }
}