{
  "0": {
    "COMENNT": "Lasciami partecipare a un torneo! Non ti fidi affatto di me?",
    "MAX_HP": "",
    "POWER": "",
    "SPEED": "",
    "TECHNIQUE": "",
    "SHAPE": "",
    "BELIVE": "",
    "HACT_NUM": "",
    "SKILL_NUM": "",
    "TURN_NUM": "40"
  },
  "1": {
    "COMENNT": "Mi sono infortunato. Dovrei prendermi pi& cura di me in futuro. Mi dispiace di essere un fallimento cos* epico...",
    "MAX_HP": "",
    "POWER": "",
    "SPEED": "",
    "TECHNIQUE": "",
    "SHAPE": "★20",
    "BELIVE": "",
    "HACT_NUM": "",
    "SKILL_NUM": "",
    "TURN_NUM": ""
  },
  "2": {
    "COMENNT": "Non ho pi& paura di combattere! Mi sono allenato duramente, quindi so di poter vincere! Per favore, lasciami partecipare a un torneo!",
    "MAX_HP": "",
    "POWER": "60",
    "SPEED": "60",
    "TECHNIQUE": "60",
    "SHAPE": "",
    "BELIVE": "",
    "HACT_NUM": "",
    "SKILL_NUM": "",
    "TURN_NUM": ""
  },
  "3": {
    "COMENNT": "Mi sento come se fossi diventato molto pi& forte. Scommetto che potrei anche vincere un torneo. Cosa ne pensi?",
    "MAX_HP": "",
    "POWER": "40",
    "SPEED": "40",
    "TECHNIQUE": "40",
    "SHAPE": "",
    "BELIVE": "",
    "HACT_NUM": "",
    "SKILL_NUM": "",
    "TURN_NUM": ""
  },
  "4": {
    "COMENNT": "Non ho molta esperienza di combattimento, quindi voglio combattere in quante pi& partite possibile. Ma non sono pronto per un torneo.",
    "MAX_HP": "",
    "POWER": "30",
    "SPEED": "30",
    "TECHNIQUE": "30",
    "SHAPE": "",
    "BELIVE": "",
    "HACT_NUM": "",
    "SKILL_NUM": "",
    "TURN_NUM": ""
  },
  "5": {
    "COMENNT": "Sono diventato un po' pi& forte? Voglio mettere alla prova le mie abilit~ in una partita vera presto. O pensi che sia troppo presto?",
    "MAX_HP": "",
    "POWER": "15",
    "SPEED": "15",
    "TECHNIQUE": "15",
    "SHAPE": "",
    "BELIVE": "",
    "HACT_NUM": "",
    "SKILL_NUM": "",
    "TURN_NUM": ""
  },
  "6": {
    "COMENNT": "Non ho ancora padroneggiato nessuna delle basi, quindi devo solo allenarmi!",
    "MAX_HP": "",
    "POWER": "",
    "SPEED": "",
    "TECHNIQUE": "",
    "SHAPE": "",
    "BELIVE": "",
    "HACT_NUM": "",
    "SKILL_NUM": "",
    "TURN_NUM": ""
  },
  "types": {
    "COMENNT": "string",
    "MAX_HP": "string",
    "POWER": "string",
    "SPEED": "string",
    "TECHNIQUE": "string",
    "SHAPE": "string",
    "BELIVE": "string",
    "HACT_NUM": "string",
    "SKILL_NUM": "string",
    "TURN_NUM": "string"
  }
}