{
  "0": {
    "COMENNT": "Umm... Non pensi che sia giunto il momento di farlo partecipare a un torneo?",
    "MAX_HP": "",
    "POWER": "",
    "SPEED": "",
    "TECHNIQUE": "",
    "SHAPE": "",
    "BELIVE": "",
    "HACT_NUM": "",
    "SKILL_NUM": "",
    "TURN_NUM": "40"
  },
  "1": {
    "COMENNT": "Costruire la Fiducia con il tuo apprendista viene prima dell'allenamento. Che ne dici di portarlo a bere qualcosa?",
    "MAX_HP": "",
    "POWER": "",
    "SPEED": "",
    "TECHNIQUE": "",
    "SHAPE": "",
    "BELIVE": "★20",
    "HACT_NUM": "",
    "SKILL_NUM": "",
    "TURN_NUM": ""
  },
  "2": {
    "COMENNT": "Onestamente, non ha bisogno di altro allenamento. Non dovrebbe avere problemi a combattere in un torneo.",
    "MAX_HP": "800",
    "POWER": "70",
    "SPEED": "70",
    "TECHNIQUE": "70",
    "SHAPE": "",
    "BELIVE": "",
    "HACT_NUM": "",
    "SKILL_NUM": "",
    "TURN_NUM": ""
  },
  "3": {
    "COMENNT": "La sua Tecnica non migliorer~ ulteriormente. Ha gi~ molte abilit~. Perch$ non lo fai competere in un incontro vero?",
    "MAX_HP": "",
    "POWER": "",
    "SPEED": "",
    "TECHNIQUE": "70",
    "SHAPE": "",
    "BELIVE": "",
    "HACT_NUM": "",
    "SKILL_NUM": "",
    "TURN_NUM": ""
  },
  "4": {
    "COMENNT": "La sua Velocit~ non migliorer~ ulteriormente. Ha gi~ molte abilit~. Perch$ non lo fai competere in un incontro vero?",
    "MAX_HP": "",
    "POWER": "",
    "SPEED": "70",
    "TECHNIQUE": "",
    "SHAPE": "",
    "BELIVE": "",
    "HACT_NUM": "",
    "SKILL_NUM": "",
    "TURN_NUM": ""
  },
  "5": {
    "COMENNT": "La sua Potenza non migliorer~ ulteriormente. Ha gi~ molte abilit~. Perch$ non lo fai competere in un incontro vero?",
    "MAX_HP": "",
    "POWER": "70",
    "SPEED": "",
    "TECHNIQUE": "",
    "SHAPE": "",
    "BELIVE": "",
    "HACT_NUM": "",
    "SKILL_NUM": "",
    "TURN_NUM": ""
  },
  "6": {
    "COMENNT": "^ diventato un combattente esemplare. Sono sicuro che pu# cavarsela in un torneo! Proviamoci!",
    "MAX_HP": "",
    "POWER": "60",
    "SPEED": "60",
    "TECHNIQUE": "60",
    "SHAPE": "",
    "BELIVE": "",
    "HACT_NUM": "",
    "SKILL_NUM": "",
    "TURN_NUM": ""
  },
  "7": {
    "COMENNT": "La sua Tecnica | superba! Se lavori per rafforzare i suoi punti deboli, sono sicuro che vincer~ un torneo.",
    "MAX_HP": "",
    "POWER": "",
    "SPEED": "",
    "TECHNIQUE": "60",
    "SHAPE": "",
    "BELIVE": "",
    "HACT_NUM": "",
    "SKILL_NUM": "",
    "TURN_NUM": ""
  },
  "8": {
    "COMENNT": "La sua Velocit~ | superba! Se lavori per rafforzare i suoi punti deboli, sono sicuro che vincer~ un torneo.",
    "MAX_HP": "",
    "POWER": "",
    "SPEED": "60",
    "TECHNIQUE": "",
    "SHAPE": "",
    "BELIVE": "",
    "HACT_NUM": "",
    "SKILL_NUM": "",
    "TURN_NUM": ""
  },
  "9": {
    "COMENNT": "La sua Potenza | superba! Se lavori per rafforzare i suoi punti deboli, sono sicuro che vincer~ un torneo.",
    "MAX_HP": "",
    "POWER": "60",
    "SPEED": "",
    "TECHNIQUE": "",
    "SHAPE": "",
    "BELIVE": "",
    "HACT_NUM": "",
    "SKILL_NUM": "",
    "TURN_NUM": ""
  },
  "10": {
    "COMENNT": "^ diventato un combattente spettacolare. Potrebbe essere pronto per un incontro di esibizione di medio livello.",
    "MAX_HP": "",
    "POWER": "40",
    "SPEED": "40",
    "TECHNIQUE": "40",
    "SHAPE": "",
    "BELIVE": "",
    "HACT_NUM": "",
    "SKILL_NUM": "",
    "TURN_NUM": ""
  },
  "11": {
    "COMENNT": "La sua Tecnica | molto migliorata. Hideo | un combattente ben bilanciato, quindi anche le sue altre abilit~ cresceranno.",
    "MAX_HP": "",
    "POWER": "",
    "SPEED": "",
    "TECHNIQUE": "40",
    "SHAPE": "",
    "BELIVE": "",
    "HACT_NUM": "",
    "SKILL_NUM": "",
    "TURN_NUM": ""
  },
  "12": {
    "COMENNT": "^ diventato molto pi& veloce. Hideo | un combattente ben bilanciato, quindi anche le sue altre abilit~ cresceranno.",
    "MAX_HP": "",
    "POWER": "",
    "SPEED": "40",
    "TECHNIQUE": "",
    "SHAPE": "",
    "BELIVE": "",
    "HACT_NUM": "",
    "SKILL_NUM": "",
    "TURN_NUM": ""
  },
  "13": {
    "COMENNT": "Ha una Potenza straordinaria. Hideo | un combattente ben bilanciato, quindi anche le sue altre abilit~ cresceranno.",
    "MAX_HP": "",
    "POWER": "40",
    "SPEED": "",
    "TECHNIQUE": "",
    "SHAPE": "",
    "BELIVE": "",
    "HACT_NUM": "",
    "SKILL_NUM": "",
    "TURN_NUM": ""
  },
  "14": {
    "COMENNT": "Sta davvero iniziando a padroneggiare le basi. Perch$ non provi a farlo partecipare a un incontro di esibizione di basso livello?",
    "MAX_HP": "",
    "POWER": "20",
    "SPEED": "20",
    "TECHNIQUE": "20",
    "SHAPE": "",
    "BELIVE": "",
    "HACT_NUM": "",
    "SKILL_NUM": "",
    "TURN_NUM": ""
  },
  "15": {
    "COMENNT": "Dovresti insegnargli le Mosse Finali. Ma cerca di non usarle troppo nei combattimenti perch$ riducono la Fiducia.",
    "MAX_HP": "",
    "POWER": "10",
    "SPEED": "",
    "TECHNIQUE": "10",
    "SHAPE": "",
    "BELIVE": "",
    "HACT_NUM": "",
    "SKILL_NUM": "",
    "TURN_NUM": ""
  },
  "16": {
    "COMENNT": "Non ha ancora nessuna base. L'unica cosa da fare ora | allenarsi, allenarsi e allenarsi.",
    "MAX_HP": "",
    "POWER": "",
    "SPEED": "",
    "TECHNIQUE": "",
    "SHAPE": "",
    "BELIVE": "",
    "HACT_NUM": "",
    "SKILL_NUM": "",
    "TURN_NUM": ""
  },
  "types": {
    "COMENNT": "string",
    "MAX_HP": "string",
    "POWER": "string",
    "SPEED": "string",
    "TECHNIQUE": "string",
    "SHAPE": "string",
    "BELIVE": "string",
    "HACT_NUM": "string",
    "SKILL_NUM": "string",
    "TURN_NUM": "string"
  }
}