{
  "0": {
    "COMENNT": "Per favore, lasciami partecipare a un torneo. O stai cercando di mostrarmi quanto poco ti fidi di me?",
    "MAX_HP": "",
    "POWER": "",
    "SPEED": "",
    "TECHNIQUE": "",
    "SHAPE": "",
    "BELIVE": "",
    "HACT_NUM": "",
    "SKILL_NUM": "",
    "TURN_NUM": "40"
  },
  "1": {
    "COMENNT": "Mi sono infortunato. Mi dispiace. La mia Stamina | sempre stata scarsa. Uffa, sono proprio un perdente...",
    "MAX_HP": "",
    "POWER": "",
    "SPEED": "",
    "TECHNIQUE": "",
    "SHAPE": "★20",
    "BELIVE": "",
    "HACT_NUM": "",
    "SKILL_NUM": "",
    "TURN_NUM": ""
  },
  "2": {
    "COMENNT": "Non credo di poter diventare pi& forte di quanto non lo sia ora. Voglio davvero vincere un torneo. Credo in me stesso per la prima volta in assoluto.",
    "MAX_HP": "600",
    "POWER": "60",
    "SPEED": "90",
    "TECHNIQUE": "80",
    "SHAPE": "",
    "BELIVE": "",
    "HACT_NUM": "",
    "SKILL_NUM": "",
    "TURN_NUM": ""
  },
  "3": {
    "COMENNT": "Mi sento come se fossi diventato molto pi& forte. Forse potrei anche vincere un torneo. Mi sento fiducioso per la prima volta nella mia vita!",
    "MAX_HP": "450",
    "POWER": "30",
    "SPEED": "60",
    "TECHNIQUE": "50",
    "SHAPE": "",
    "BELIVE": "",
    "HACT_NUM": "",
    "SKILL_NUM": "",
    "TURN_NUM": ""
  },
  "4": {
    "COMENNT": "Non credo di poter ancora partecipare a un torneo, ma vorrei provare un incontro di esibizione per fare esperienza. Cosa ne pensi?",
    "MAX_HP": "350",
    "POWER": "20",
    "SPEED": "40",
    "TECHNIQUE": "30",
    "SHAPE": "",
    "BELIVE": "",
    "HACT_NUM": "",
    "SKILL_NUM": "",
    "TURN_NUM": ""
  },
  "5": {
    "COMENNT": "L'allenamento di Velocit~ | divertente! ^ fantastico sapere di avere abilit~ cos* straordinarie!",
    "MAX_HP": "",
    "POWER": "",
    "SPEED": "40",
    "TECHNIQUE": "",
    "SHAPE": "",
    "BELIVE": "",
    "HACT_NUM": "",
    "SKILL_NUM": "",
    "TURN_NUM": ""
  },
  "6": {
    "COMENNT": "Sto migliorando? Non ne sono sicuro, ma penso che potrei essere in grado di affrontare un avversario di basso livello.",
    "MAX_HP": "300",
    "POWER": "10",
    "SPEED": "20",
    "TECHNIQUE": "10",
    "SHAPE": "",
    "BELIVE": "",
    "HACT_NUM": "",
    "SKILL_NUM": "",
    "TURN_NUM": ""
  },
  "7": {
    "COMENNT": "Mi dispiace, la mia Stamina | davvero bassa. Dovrei fare qualcosa al riguardo? Sono preoccupato di non essere in grado di tenere il passo con il mio allenamento.",
    "MAX_HP": "★300",
    "POWER": "",
    "SPEED": "",
    "TECHNIQUE": "",
    "SHAPE": "",
    "BELIVE": "",
    "HACT_NUM": "",
    "SKILL_NUM": "",
    "TURN_NUM": ""
  },
  "8": {
    "COMENNT": "Non ho ancora padroneggiato nessuna delle basi, quindi devo davvero concentrarmi sull'allenamento!",
    "MAX_HP": "",
    "POWER": "",
    "SPEED": "",
    "TECHNIQUE": "",
    "SHAPE": "",
    "BELIVE": "",
    "HACT_NUM": "",
    "SKILL_NUM": "",
    "TURN_NUM": ""
  },
  "types": {
    "COMENNT": "string",
    "MAX_HP": "string",
    "POWER": "string",
    "SPEED": "string",
    "TECHNIQUE": "string",
    "SHAPE": "string",
    "BELIVE": "string",
    "HACT_NUM": "string",
    "SKILL_NUM": "string",
    "TURN_NUM": "string"
  }
}