{
  "0": {
    "COMENNT": "Ha davvero bisogno di vincere presto un torneo. Dobbiamo fare qualcosa...",
    "MAX_HP": "",
    "POWER": "",
    "SPEED": "",
    "TECHNIQUE": "",
    "SHAPE": "",
    "BELIVE": "",
    "HACT_NUM": "",
    "SKILL_NUM": "",
    "TURN_NUM": "40"
  },
  "1": {
    "COMENNT": "Costruire la Fiducia con il tuo apprendista viene prima dell'allenamento. Che ne dici di portarlo a bere qualcosa?",
    "MAX_HP": "",
    "POWER": "",
    "SPEED": "",
    "TECHNIQUE": "",
    "SHAPE": "",
    "BELIVE": "★20",
    "HACT_NUM": "",
    "SKILL_NUM": "",
    "TURN_NUM": ""
  },
  "2": {
    "COMENNT": "Onestamente, non ha bisogno di altro allenamento. Non dovrebbe avere problemi a combattere in un torneo.",
    "MAX_HP": "600",
    "POWER": "60",
    "SPEED": "90",
    "TECHNIQUE": "80",
    "SHAPE": "",
    "BELIVE": "",
    "HACT_NUM": "",
    "SKILL_NUM": "",
    "TURN_NUM": ""
  },
  "3": {
    "COMENNT": "La sua Tecnica non migliorer~ ulteriormente. Ha gi~ molte abilit~. Perch$ non lo fai competere in un incontro vero?",
    "MAX_HP": "",
    "POWER": "",
    "SPEED": "",
    "TECHNIQUE": "80",
    "SHAPE": "",
    "BELIVE": "",
    "HACT_NUM": "",
    "SKILL_NUM": "",
    "TURN_NUM": ""
  },
  "4": {
    "COMENNT": "La sua Velocit~ non migliorer~ ulteriormente. Ha gi~ molte abilit~. Perch$ non lo fai competere in un incontro vero?",
    "MAX_HP": "",
    "POWER": "",
    "SPEED": "100",
    "TECHNIQUE": "",
    "SHAPE": "",
    "BELIVE": "",
    "HACT_NUM": "",
    "SKILL_NUM": "",
    "TURN_NUM": ""
  },
  "5": {
    "COMENNT": "La sua Potenza non migliorer~ ulteriormente. Ha gi~ molte abilit~. Perch$ non lo fai competere in un incontro vero?",
    "MAX_HP": "",
    "POWER": "60",
    "SPEED": "",
    "TECHNIQUE": "",
    "SHAPE": "",
    "BELIVE": "",
    "HACT_NUM": "",
    "SKILL_NUM": "",
    "TURN_NUM": ""
  },
  "6": {
    "COMENNT": "^ diventato un combattente esemplare. Sono sicuro che pu# cavarsela in un torneo! Proviamoci!",
    "MAX_HP": "450",
    "POWER": "40",
    "SPEED": "80",
    "TECHNIQUE": "60",
    "SHAPE": "",
    "BELIVE": "",
    "HACT_NUM": "",
    "SKILL_NUM": "",
    "TURN_NUM": ""
  },
  "7": {
    "COMENNT": "La sua Tecnica | superba! Se lavori per rafforzare i suoi punti deboli, sono sicuro che vincer~ un torneo.",
    "MAX_HP": "",
    "POWER": "",
    "SPEED": "",
    "TECHNIQUE": "70",
    "SHAPE": "",
    "BELIVE": "",
    "HACT_NUM": "",
    "SKILL_NUM": "",
    "TURN_NUM": ""
  },
  "8": {
    "COMENNT": "La sua Velocit~ | superba! Se lavori per rafforzare i suoi punti deboli, sono sicuro che vincer~ un torneo.",
    "MAX_HP": "",
    "POWER": "",
    "SPEED": "80",
    "TECHNIQUE": "",
    "SHAPE": "",
    "BELIVE": "",
    "HACT_NUM": "",
    "SKILL_NUM": "",
    "TURN_NUM": ""
  },
  "9": {
    "COMENNT": "La sua Potenza | superba! Se lavori per rafforzare i suoi punti deboli, sono sicuro che vincer~ un torneo.",
    "MAX_HP": "",
    "POWER": "50",
    "SPEED": "",
    "TECHNIQUE": "",
    "SHAPE": "",
    "BELIVE": "",
    "HACT_NUM": "",
    "SKILL_NUM": "",
    "TURN_NUM": ""
  },
  "10": {
    "COMENNT": "^ diventato un combattente spettacolare. Potrebbe essere pronto per un incontro di esibizione di medio livello.",
    "MAX_HP": "350",
    "POWER": "30",
    "SPEED": "50",
    "TECHNIQUE": "40",
    "SHAPE": "",
    "BELIVE": "",
    "HACT_NUM": "",
    "SKILL_NUM": "",
    "TURN_NUM": ""
  },
  "11": {
    "COMENNT": "La sua Stamina si | finalmente sviluppata a un livello decente. Ma potrebbe essere il massimo, quindi dovresti compensare con altre abilit~.",
    "MAX_HP": "400",
    "POWER": "",
    "SPEED": "",
    "TECHNIQUE": "",
    "SHAPE": "",
    "BELIVE": "",
    "HACT_NUM": "",
    "SKILL_NUM": "",
    "TURN_NUM": ""
  },
  "12": {
    "COMENNT": "La sua Tecnica | migliorata molto. Ehama | molto agile, quindi sono sicuro che la sua tecnica pu# migliorare ancora.",
    "MAX_HP": "",
    "POWER": "",
    "SPEED": "",
    "TECHNIQUE": "40",
    "SHAPE": "",
    "BELIVE": "",
    "HACT_NUM": "",
    "SKILL_NUM": "",
    "TURN_NUM": ""
  },
  "13": {
    "COMENNT": "^ diventato molto pi& veloce. Il potenziale di Velocit~ di Ehama | incredibile. ^ come se non avesse limiti.",
    "MAX_HP": "",
    "POWER": "",
    "SPEED": "50",
    "TECHNIQUE": "",
    "SHAPE": "",
    "BELIVE": "",
    "HACT_NUM": "",
    "SKILL_NUM": "",
    "TURN_NUM": ""
  },
  "14": {
    "COMENNT": "^ diventato pi& forte, ma la Potenza di Ehama non sar~ mai il suo punto forte. Le sue altre abilit~ dovrebbero essere pi& facili da sviluppare.",
    "MAX_HP": "",
    "POWER": "20",
    "SPEED": "",
    "TECHNIQUE": "",
    "SHAPE": "",
    "BELIVE": "",
    "HACT_NUM": "",
    "SKILL_NUM": "",
    "TURN_NUM": ""
  },
  "15": {
    "COMENNT": "Sta davvero iniziando a padroneggiare le basi. Perch$ non provi a farlo partecipare a un incontro di esibizione di basso livello?",
    "MAX_HP": "300",
    "POWER": "15",
    "SPEED": "20",
    "TECHNIQUE": "20",
    "SHAPE": "",
    "BELIVE": "",
    "HACT_NUM": "",
    "SKILL_NUM": "",
    "TURN_NUM": ""
  },
  "16": {
    "COMENNT": "La sua Stamina | troppo bassa... Tutto questo allenamento andr~ sprecato se si fa male, quindi tieni d'occhio il suo Umore.",
    "MAX_HP": "★300",
    "POWER": "",
    "SPEED": "",
    "TECHNIQUE": "",
    "SHAPE": "",
    "BELIVE": "",
    "HACT_NUM": "",
    "SKILL_NUM": "",
    "TURN_NUM": ""
  },
  "17": {
    "COMENNT": "Non ha ancora nessuna base. L'unica cosa da fare ora | allenarsi, allenarsi e allenarsi.",
    "MAX_HP": "",
    "POWER": "",
    "SPEED": "",
    "TECHNIQUE": "",
    "SHAPE": "",
    "BELIVE": "",
    "HACT_NUM": "",
    "SKILL_NUM": "",
    "TURN_NUM": ""
  },
  "types": {
    "COMENNT": "string",
    "MAX_HP": "string",
    "POWER": "string",
    "SPEED": "string",
    "TECHNIQUE": "string",
    "SHAPE": "string",
    "BELIVE": "string",
    "HACT_NUM": "string",
    "SKILL_NUM": "string",
    "TURN_NUM": "string"
  }
}