{
  "0": {
    "COMENNT": "Ha davvero bisogno di vincere presto un torneo. Dobbiamo fare qualcosa...",
    "MAX_HP": "",
    "POWER": "",
    "SPEED": "",
    "TECHNIQUE": "",
    "SHAPE": "",
    "BELIVE": "",
    "HACT_NUM": "",
    "SKILL_NUM": "",
    "TURN_NUM": "40"
  },
  "1": {
    "COMENNT": "Fukushi non ti ascolter~ mai a meno che tu non sviluppi prima la Fiducia con lui. Che ne dici di portarlo a bere qualcosa?",
    "MAX_HP": "",
    "POWER": "",
    "SPEED": "",
    "TECHNIQUE": "",
    "SHAPE": "",
    "BELIVE": "★20",
    "HACT_NUM": "",
    "SKILL_NUM": "",
    "TURN_NUM": ""
  },
  "2": {
    "COMENNT": "Onestamente, non ha bisogno di altro allenamento. Non dovrebbe avere problemi a combattere in un torneo.",
    "MAX_HP": "900",
    "POWER": "90",
    "SPEED": "50",
    "TECHNIQUE": "70",
    "SHAPE": "",
    "BELIVE": "",
    "HACT_NUM": "",
    "SKILL_NUM": "",
    "TURN_NUM": ""
  },
  "3": {
    "COMENNT": "La sua Tecnica non migliorer~ ulteriormente. Ha gi~ molte abilit~. Perch$ non lo fai competere in un incontro vero?",
    "MAX_HP": "",
    "POWER": "",
    "SPEED": "",
    "TECHNIQUE": "70",
    "SHAPE": "",
    "BELIVE": "",
    "HACT_NUM": "",
    "SKILL_NUM": "",
    "TURN_NUM": ""
  },
  "4": {
    "COMENNT": "La sua Velocit~ non migliorer~ ulteriormente. Ha gi~ molte abilit~. Perch$ non lo fai competere in un incontro vero?",
    "MAX_HP": "",
    "POWER": "",
    "SPEED": "60",
    "TECHNIQUE": "",
    "SHAPE": "",
    "BELIVE": "",
    "HACT_NUM": "",
    "SKILL_NUM": "",
    "TURN_NUM": ""
  },
  "5": {
    "COMENNT": "La sua Potenza non migliorer~ ulteriormente. Ha gi~ molte abilit~. Perch$ non lo fai competere in un incontro vero?",
    "MAX_HP": "",
    "POWER": "100",
    "SPEED": "",
    "TECHNIQUE": "",
    "SHAPE": "",
    "BELIVE": "",
    "HACT_NUM": "",
    "SKILL_NUM": "",
    "TURN_NUM": ""
  },
  "6": {
    "COMENNT": "^ diventato un combattente esemplare. Sono sicuro che pu# cavarsela in un torneo! Proviamoci!",
    "MAX_HP": "800",
    "POWER": "80",
    "SPEED": "50",
    "TECHNIQUE": "60",
    "SHAPE": "",
    "BELIVE": "",
    "HACT_NUM": "",
    "SKILL_NUM": "",
    "TURN_NUM": ""
  },
  "7": {
    "COMENNT": "La sua Tecnica | superba! Se lavori per rafforzare i suoi punti deboli, sono sicuro che vincer~ un torneo.",
    "MAX_HP": "",
    "POWER": "",
    "SPEED": "",
    "TECHNIQUE": "60",
    "SHAPE": "",
    "BELIVE": "",
    "HACT_NUM": "",
    "SKILL_NUM": "",
    "TURN_NUM": ""
  },
  "8": {
    "COMENNT": "La sua Velocit~ | superba! Se lavori per rafforzare i suoi punti deboli, sono sicuro che vincer~ un torneo.",
    "MAX_HP": "",
    "POWER": "",
    "SPEED": "50",
    "TECHNIQUE": "",
    "SHAPE": "",
    "BELIVE": "",
    "HACT_NUM": "",
    "SKILL_NUM": "",
    "TURN_NUM": ""
  },
  "9": {
    "COMENNT": "La sua Potenza | superba! Se lavori per rafforzare i suoi punti deboli, sono sicuro che vincer~ un torneo.",
    "MAX_HP": "",
    "POWER": "80",
    "SPEED": "",
    "TECHNIQUE": "",
    "SHAPE": "",
    "BELIVE": "",
    "HACT_NUM": "",
    "SKILL_NUM": "",
    "TURN_NUM": ""
  },
  "10": {
    "COMENNT": "^ diventato un combattente spettacolare. Potrebbe essere pronto per un incontro di esibizione di medio livello.",
    "MAX_HP": "800",
    "POWER": "60",
    "SPEED": "30",
    "TECHNIQUE": "40",
    "SHAPE": "",
    "BELIVE": "",
    "HACT_NUM": "",
    "SKILL_NUM": "",
    "TURN_NUM": ""
  },
  "11": {
    "COMENNT": "Ha un'ottima Stamina. Continua cos* e lavora anche sulle sue altre abilit~. Sono sicuro che la sua Potenza si svilupper~ parecchio.",
    "MAX_HP": "800",
    "POWER": "",
    "SPEED": "",
    "TECHNIQUE": "",
    "SHAPE": "",
    "BELIVE": "",
    "HACT_NUM": "",
    "SKILL_NUM": "",
    "TURN_NUM": ""
  },
  "12": {
    "COMENNT": "La sua Tecnica | migliorata molto. Potrebbe non essere mai eccezionale, ma sono sicuro che c'| ancora spazio per una certa crescita.",
    "MAX_HP": "",
    "POWER": "",
    "SPEED": "",
    "TECHNIQUE": "40",
    "SHAPE": "",
    "BELIVE": "",
    "HACT_NUM": "",
    "SKILL_NUM": "",
    "TURN_NUM": ""
  },
  "13": {
    "COMENNT": "^ diventato molto pi& veloce, ma Fukushi sembra odiare l'allenamento di Velocit~. Dovresti lavorare sullo sviluppo delle sue altre abilit~.",
    "MAX_HP": "",
    "POWER": "",
    "SPEED": "30",
    "TECHNIQUE": "",
    "SHAPE": "",
    "BELIVE": "",
    "HACT_NUM": "",
    "SKILL_NUM": "",
    "TURN_NUM": ""
  },
  "14": {
    "COMENNT": "Fukushi sta diventando davvero potente! Cosa far# se mi aggredisce in un vicolo buio? Sto scherzando! Haha.",
    "MAX_HP": "",
    "POWER": "60",
    "SPEED": "",
    "TECHNIQUE": "",
    "SHAPE": "",
    "BELIVE": "",
    "HACT_NUM": "",
    "SKILL_NUM": "",
    "TURN_NUM": ""
  },
  "15": {
    "COMENNT": "Sta crescendo a un ritmo ben bilanciato. La sua Potenza crescer~ sicuramente di pi&. Lasciamolo fare esperienza in incontri veri.",
    "MAX_HP": "700",
    "POWER": "50",
    "SPEED": "20",
    "TECHNIQUE": "25",
    "SHAPE": "",
    "BELIVE": "",
    "HACT_NUM": "",
    "SKILL_NUM": "",
    "TURN_NUM": ""
  },
  "16": {
    "COMENNT": "Ha gi~ un livello base di Stamina e Potenza. Diventer~ un grande combattente, se prender~ sul serio il suo allenamento...",
    "MAX_HP": "",
    "POWER": "",
    "SPEED": "",
    "TECHNIQUE": "",
    "SHAPE": "",
    "BELIVE": "",
    "HACT_NUM": "",
    "SKILL_NUM": "",
    "TURN_NUM": ""
  },
  "types": {
    "COMENNT": "string",
    "MAX_HP": "string",
    "POWER": "string",
    "SPEED": "string",
    "TECHNIQUE": "string",
    "SHAPE": "string",
    "BELIVE": "string",
    "HACT_NUM": "string",
    "SKILL_NUM": "string",
    "TURN_NUM": "string"
  }
}