{
  "0": {
    "COMENNT": "Sbrigati e lasciami partecipare a un torneo. O hai intenzione di sprecare il mio talento? Oh, la tragica vita di Makoto Tokita...",
    "MAX_HP": "",
    "POWER": "",
    "SPEED": "",
    "TECHNIQUE": "",
    "SHAPE": "",
    "BELIVE": "",
    "HACT_NUM": "",
    "SKILL_NUM": "",
    "TURN_NUM": "40"
  },
  "1": {
    "COMENNT": "Ahi! Non posso credere che tu abbia ferito il mio bellissimo corpo! A cosa stavi pensando!?",
    "MAX_HP": "",
    "POWER": "",
    "SPEED": "",
    "TECHNIQUE": "",
    "SHAPE": "★20",
    "BELIVE": "",
    "HACT_NUM": "",
    "SKILL_NUM": "",
    "TURN_NUM": ""
  },
  "2": {
    "COMENNT": "Ho fatto abbastanza allenamento. Voglio dire addio alla palestra puzzolente. Sbrigati e fammi diventare famoso!",
    "MAX_HP": "750",
    "POWER": "60",
    "SPEED": "80",
    "TECHNIQUE": "90",
    "SHAPE": "",
    "BELIVE": "",
    "HACT_NUM": "",
    "SKILL_NUM": "",
    "TURN_NUM": ""
  },
  "3": {
    "COMENNT": "Hehehe. Non credo che ci sia nessuno l~ fuori che possa battermi ora. Certo, sto diventando sempre pi& forte.",
    "MAX_HP": "600",
    "POWER": "40",
    "SPEED": "60",
    "TECHNIQUE": "70",
    "SHAPE": "",
    "BELIVE": "",
    "HACT_NUM": "",
    "SKILL_NUM": "",
    "TURN_NUM": ""
  },
  "4": {
    "COMENNT": "Cresco cos* velocemente che mi spavento! So di non essere ancora perfetto, ma deve essere un crimine essere cos* bello e talentuoso allo stesso tempo.",
    "MAX_HP": "500",
    "POWER": "25",
    "SPEED": "40",
    "TECHNIQUE": "50",
    "SHAPE": "",
    "BELIVE": "",
    "HACT_NUM": "",
    "SKILL_NUM": "",
    "TURN_NUM": ""
  },
  "5": {
    "COMENNT": "Ho una tecnica cos* straordinaria che nessuno durerebbe pi& di pochi secondi contro di me. Sono cos* talentuoso che nemmeno io vorrei combattere contro di me.",
    "MAX_HP": "",
    "POWER": "",
    "SPEED": "",
    "TECHNIQUE": "50",
    "SHAPE": "",
    "BELIVE": "",
    "HACT_NUM": "",
    "SKILL_NUM": "",
    "TURN_NUM": ""
  },
  "6": {
    "COMENNT": "Non | che non sia fiducioso, okay!? Penso solo che non ho davvero <Italic>bisogno</Italic> di partecipare a un torneo in questo momento.",
    "MAX_HP": "300",
    "POWER": "20",
    "SPEED": "30",
    "TECHNIQUE": "40",
    "SHAPE": "",
    "BELIVE": "",
    "HACT_NUM": "",
    "SKILL_NUM": "",
    "TURN_NUM": ""
  },
  "7": {
    "COMENNT": "Hmph. Sbrigati e fammi diventare un campione. Non capisco perch$ stai perdendo tempo a farmi domande.",
    "MAX_HP": "",
    "POWER": "",
    "SPEED": "",
    "TECHNIQUE": "",
    "SHAPE": "",
    "BELIVE": "",
    "HACT_NUM": "",
    "SKILL_NUM": "",
    "TURN_NUM": ""
  },
  "types": {
    "COMENNT": "string",
    "MAX_HP": "string",
    "POWER": "string",
    "SPEED": "string",
    "TECHNIQUE": "string",
    "SHAPE": "string",
    "BELIVE": "string",
    "HACT_NUM": "string",
    "SKILL_NUM": "string",
    "TURN_NUM": "string"
  }
}