{
  "0": {
    "COMENNT": "Per favore, lasciami partecipare a un torneo. Non farebbe male fidarsi un po' di me.",
    "MAX_HP": "",
    "POWER": "",
    "SPEED": "",
    "TECHNIQUE": "",
    "SHAPE": "",
    "BELIVE": "",
    "HACT_NUM": "",
    "SKILL_NUM": "",
    "TURN_NUM": "40"
  },
  "1": {
    "COMENNT": "Mi sono fatto male... Mi dispiace causarti problemi. Mi dispiace, mi dispiace, mi dispiace...",
    "MAX_HP": "",
    "POWER": "",
    "SPEED": "",
    "TECHNIQUE": "",
    "SHAPE": "★20",
    "BELIVE": "",
    "HACT_NUM": "",
    "SKILL_NUM": "",
    "TURN_NUM": ""
  },
  "2": {
    "COMENNT": "Sento di essermi allenato al massimo. Non so quanto sar~ forte il mio avversario, ma sono sicuro di poter vincere un torneo!",
    "MAX_HP": "900",
    "POWER": "90",
    "SPEED": "70",
    "TECHNIQUE": "80",
    "SHAPE": "",
    "BELIVE": "",
    "HACT_NUM": "",
    "SKILL_NUM": "",
    "TURN_NUM": ""
  },
  "3": {
    "COMENNT": "Mi sembra strano dirlo, ma sono diventato molto pi& forte. Voglio mettere alla prova le mie abilit~ in partite vere.",
    "MAX_HP": "700",
    "POWER": "70",
    "SPEED": "50",
    "TECHNIQUE": "60",
    "SHAPE": "",
    "BELIVE": "",
    "HACT_NUM": "",
    "SKILL_NUM": "",
    "TURN_NUM": ""
  },
  "4": {
    "COMENNT": "Potrebbe essere troppo presto per un torneo, ma mi sento pi& sicuro. Forse diventer# pi& sicuro se parteciper# a qualche partita.",
    "MAX_HP": "600",
    "POWER": "50",
    "SPEED": "30",
    "TECHNIQUE": "40",
    "SHAPE": "",
    "BELIVE": "",
    "HACT_NUM": "",
    "SKILL_NUM": "",
    "TURN_NUM": ""
  },
  "5": {
    "COMENNT": "L'allenamento | divertente. Il mio preferito | quando la mia Potenza aumenta. Voglio diventare molto pi& forte.",
    "MAX_HP": "",
    "POWER": "50",
    "SPEED": "",
    "TECHNIQUE": "",
    "SHAPE": "",
    "BELIVE": "",
    "HACT_NUM": "",
    "SKILL_NUM": "",
    "TURN_NUM": ""
  },
  "6": {
    "COMENNT": "Non riesco a credere che un tipo come me possa crescere cos*. Non sono pi& solo un ragazzo grasso. Voglio mettere alla prova le mie abilit~ in una partita vera.",
    "MAX_HP": "500",
    "POWER": "30",
    "SPEED": "20",
    "TECHNIQUE": "25",
    "SHAPE": "",
    "BELIVE": "",
    "HACT_NUM": "",
    "SKILL_NUM": "",
    "TURN_NUM": ""
  },
  "7": {
    "COMENNT": "Dovrei concentrarmi sulla costruzione delle mie abilit~ di base per ora. Saejima-san, insegnami tutto quello che sai!",
    "MAX_HP": "",
    "POWER": "",
    "SPEED": "",
    "TECHNIQUE": "",
    "SHAPE": "",
    "BELIVE": "",
    "HACT_NUM": "",
    "SKILL_NUM": "",
    "TURN_NUM": ""
  },
  "types": {
    "COMENNT": "string",
    "MAX_HP": "string",
    "POWER": "string",
    "SPEED": "string",
    "TECHNIQUE": "string",
    "SHAPE": "string",
    "BELIVE": "string",
    "HACT_NUM": "string",
    "SKILL_NUM": "string",
    "TURN_NUM": "string"
  }
}