{
  "0": {
    "COMENNT": "Ha davvero bisogno di vincere presto un torneo. Dobbiamo fare qualcosa...",
    "MAX_HP": "",
    "POWER": "",
    "SPEED": "",
    "TECHNIQUE": "",
    "SHAPE": "",
    "BELIVE": "",
    "HACT_NUM": "",
    "SKILL_NUM": "",
    "TURN_NUM": "40"
  },
  "1": {
    "COMENNT": "Costruisci la fiducia. Prova a far aprire Watanabe con te. Che ne dici di portarlo a bere qualcosa?",
    "MAX_HP": "",
    "POWER": "",
    "SPEED": "",
    "TECHNIQUE": "",
    "SHAPE": "",
    "BELIVE": "★20",
    "HACT_NUM": "",
    "SKILL_NUM": "",
    "TURN_NUM": ""
  },
  "2": {
    "COMENNT": "Onestamente, non ha bisogno di altro allenamento. Non dovrebbe avere problemi a combattere in un torneo.",
    "MAX_HP": "900",
    "POWER": "100",
    "SPEED": "80",
    "TECHNIQUE": "90",
    "SHAPE": "",
    "BELIVE": "",
    "HACT_NUM": "",
    "SKILL_NUM": "",
    "TURN_NUM": ""
  },
  "3": {
    "COMENNT": "La sua Tecnica non migliorer~ ulteriormente. Ha gi~ molte abilit~. Perch$ non lo fai competere in un incontro vero?",
    "MAX_HP": "",
    "POWER": "",
    "SPEED": "",
    "TECHNIQUE": "90",
    "SHAPE": "",
    "BELIVE": "",
    "HACT_NUM": "",
    "SKILL_NUM": "",
    "TURN_NUM": ""
  },
  "4": {
    "COMENNT": "La sua Velocit~ non migliorer~ ulteriormente. Ha gi~ molte abilit~. Perch$ non lo fai competere in un incontro vero?",
    "MAX_HP": "",
    "POWER": "",
    "SPEED": "80",
    "TECHNIQUE": "",
    "SHAPE": "",
    "BELIVE": "",
    "HACT_NUM": "",
    "SKILL_NUM": "",
    "TURN_NUM": ""
  },
  "5": {
    "COMENNT": "La sua Potenza non migliorer~ ulteriormente. Ha gi~ molte abilit~. Perch$ non lo fai competere in un incontro vero?",
    "MAX_HP": "",
    "POWER": "100",
    "SPEED": "",
    "TECHNIQUE": "",
    "SHAPE": "",
    "BELIVE": "",
    "HACT_NUM": "",
    "SKILL_NUM": "",
    "TURN_NUM": ""
  },
  "6": {
    "COMENNT": "^ diventato un combattente esemplare. Sono sicuro che pu# cavarsela in un torneo! Proviamoci!",
    "MAX_HP": "800",
    "POWER": "80",
    "SPEED": "60",
    "TECHNIQUE": "70",
    "SHAPE": "",
    "BELIVE": "",
    "HACT_NUM": "",
    "SKILL_NUM": "",
    "TURN_NUM": ""
  },
  "7": {
    "COMENNT": "La sua Tecnica | superba! Se lavori per rafforzare i suoi punti deboli, sono sicuro che vincer~ un torneo.",
    "MAX_HP": "",
    "POWER": "",
    "SPEED": "",
    "TECHNIQUE": "70",
    "SHAPE": "",
    "BELIVE": "",
    "HACT_NUM": "",
    "SKILL_NUM": "",
    "TURN_NUM": ""
  },
  "8": {
    "COMENNT": "La sua Velocit~ | superba! Se lavori per rafforzare i suoi punti deboli, sono sicuro che vincer~ un torneo.",
    "MAX_HP": "",
    "POWER": "",
    "SPEED": "60",
    "TECHNIQUE": "",
    "SHAPE": "",
    "BELIVE": "",
    "HACT_NUM": "",
    "SKILL_NUM": "",
    "TURN_NUM": ""
  },
  "9": {
    "COMENNT": "La sua Potenza | superba! Se lavori per rafforzare i suoi punti deboli, sono sicuro che vincer~ un torneo.",
    "MAX_HP": "",
    "POWER": "80",
    "SPEED": "",
    "TECHNIQUE": "",
    "SHAPE": "",
    "BELIVE": "",
    "HACT_NUM": "",
    "SKILL_NUM": "",
    "TURN_NUM": ""
  },
  "10": {
    "COMENNT": "^ diventato un combattente spettacolare. Potrebbe essere pronto per un incontro di esibizione di medio livello.",
    "MAX_HP": "700",
    "POWER": "60",
    "SPEED": "40",
    "TECHNIQUE": "50",
    "SHAPE": "",
    "BELIVE": "",
    "HACT_NUM": "",
    "SKILL_NUM": "",
    "TURN_NUM": ""
  },
  "11": {
    "COMENNT": "La sua Stamina | migliorata significativamente. Anche le sue altre abilit~ cresceranno di pi&. Ha potenziale!",
    "MAX_HP": "700",
    "POWER": "",
    "SPEED": "",
    "TECHNIQUE": "",
    "SHAPE": "",
    "BELIVE": "",
    "HACT_NUM": "",
    "SKILL_NUM": "",
    "TURN_NUM": ""
  },
  "12": {
    "COMENNT": "La sua Tecnica | molto migliorata. Watanabe | molto agile, quindi sono sicuro che la sua Tecnica pu# migliorare ancora di pi&.",
    "MAX_HP": "",
    "POWER": "",
    "SPEED": "",
    "TECHNIQUE": "50",
    "SHAPE": "",
    "BELIVE": "",
    "HACT_NUM": "",
    "SKILL_NUM": "",
    "TURN_NUM": ""
  },
  "13": {
    "COMENNT": "^ molto pi& veloce. La sua Velocit~ cresce pi& lentamente delle sue altre abilit~, ma sono sicuro che continuer~ a migliorare.",
    "MAX_HP": "",
    "POWER": "",
    "SPEED": "40",
    "TECHNIQUE": "",
    "SHAPE": "",
    "BELIVE": "",
    "HACT_NUM": "",
    "SKILL_NUM": "",
    "TURN_NUM": ""
  },
  "14": {
    "COMENNT": "Watanabe sta diventando davvero potente! Cosa far# se mi aggredisce in un vicolo buio? Sto scherzando! Hahaha.",
    "MAX_HP": "",
    "POWER": "60",
    "SPEED": "",
    "TECHNIQUE": "",
    "SHAPE": "",
    "BELIVE": "",
    "HACT_NUM": "",
    "SKILL_NUM": "",
    "TURN_NUM": ""
  },
  "15": {
    "COMENNT": "Sta crescendo a un ritmo ben bilanciato. Tutte le sue abilit~ cresceranno sicuramente ancora di pi&. Lasciamolo fare esperienza in incontri veri.",
    "MAX_HP": "500",
    "POWER": "35",
    "SPEED": "25",
    "TECHNIQUE": "30",
    "SHAPE": "",
    "BELIVE": "",
    "HACT_NUM": "",
    "SKILL_NUM": "",
    "TURN_NUM": ""
  },
  "16": {
    "COMENNT": "Non ha ancora imparato le basi, ma ha molto spazio per crescere. Alleniamolo duramente e trasformiamolo in un grande combattente.",
    "MAX_HP": "",
    "POWER": "",
    "SPEED": "",
    "TECHNIQUE": "",
    "SHAPE": "",
    "BELIVE": "",
    "HACT_NUM": "",
    "SKILL_NUM": "",
    "TURN_NUM": ""
  },
  "types": {
    "COMENNT": "string",
    "MAX_HP": "string",
    "POWER": "string",
    "SPEED": "string",
    "TECHNIQUE": "string",
    "SHAPE": "string",
    "BELIVE": "string",
    "HACT_NUM": "string",
    "SKILL_NUM": "string",
    "TURN_NUM": "string"
  }
}