{
  "0": {
    "KIND": "Sparring",
    "MSG": "Combattimento di allenamento con il tuo apprendista. Consuma molta Stamina, ma aumenter~ le abilit~ generali."
  },
  "1": {
    "KIND": "Allenamento Individuale",
    "MSG": "Affida il tuo apprendista all'allenamento da solo. Le probabilit~ di una sessione di allenamento di successo dipendono dalla personalit~ e dalla Fiducia."
  },
  "2": {
    "KIND": "Mosse Finali",
    "MSG": "Insegna al tuo apprendista una Mossa Finale. Consuma una grande quantit~ di Stamina e diminuisce leggermente l'Umore."
  },
  "3": {
    "KIND": "Incontro",
    "MSG": "Porta il tuo apprendista a bere qualcosa per cambiare umore. Una conversazione divertente aumenter~ la Fiducia e l'Umore."
  },
  "4": {
    "KIND": "Riposo",
    "MSG": "Permetti al tuo apprendista di riposare completamente. "
  },
  "5": {
    "KIND": "Slot Combattimento A ",
    "MSG": "Partecipa a un incontro speciale."
  },
  "6": {
    "KIND": "Slot Combattimento B ",
    "MSG": "Partecipa a un incontro speciale."
  },
  "7": {
    "KIND": "Slot Combattimento C ",
    "MSG": "Partecipa a un incontro speciale."
  },
  "8": {
    "KIND": "Torneo ",
    "MSG": "Partecipa a un torneo. L'obiettivo finale per il tuo apprendista | vincere un torneo entro 50 Turni."
  },
  "9": {
    "KIND": "VUOTO",
    "MSG": "Non impostato."
  },
  "types": {
    "KIND": "string",
    "MSG": "string"
  }
}