{
  "0": {
    "NAME": "Allenamento con i pugni",
    "LV1_VALUE": "1000",
    "LV2_VALUE": "500000",
    "LV3_VALUE": "1500000"
  },
  "1": {
    "NAME": "Allenamento con i calci  ",
    "LV1_VALUE": "2000",
    "LV2_VALUE": "500000",
    "LV3_VALUE": "1500000"
  },
  "2": {
    "NAME": "Lavoro a terra ",
    "LV1_VALUE": "3000",
    "LV2_VALUE": "500000",
    "LV3_VALUE": "1500000"
  },
  "3": {
    "NAME": "Allenamento forza  ",
    "LV1_VALUE": "4000",
    "LV2_VALUE": "700000",
    "LV3_VALUE": "2000000"
  },
  "4": {
    "NAME": "Lavori su strada  ",
    "LV1_VALUE": "5000",
    "LV2_VALUE": "800000",
    "LV3_VALUE": "2500000"
  },
  "5": {
    "NAME": "Sprint",
    "LV1_VALUE": "6000",
    "LV2_VALUE": "700000",
    "LV3_VALUE": "2000000"
  },
  "6": {
    "NAME": "Lezione  ",
    "LV1_VALUE": "7000",
    "LV2_VALUE": "600000",
    "LV3_VALUE": "1800000"
  },
  "7": {
    "NAME": "Stretch  ",
    "LV1_VALUE": "8000",
    "LV2_VALUE": "900000",
    "LV3_VALUE": "2800000"
  },
  "8": {
    "NAME": "Riposo  ",
    "LV1_VALUE": "9000",
    "LV2_VALUE": "1000000",
    "LV3_VALUE": "3000000"
  },
  "types": {
    "NAME": "string",
    "LV1_VALUE": "value",
    "LV2_VALUE": "value",
    "LV3_VALUE": "value"
  }
}