{
  "0": {
    "MSG": "Imposta il menu di allenamento."
  },
  "1": {
    "MSG": "Leggi i commenti di Sodachi."
  },
  "2": {
    "MSG": "Leggi i commenti degli apprendisti."
  },
  "3": {
    "MSG": "Equipaggia l'apprendista con le Abilit~ e le Mosse Finali acquisite."
  },
  "4": {
    "MSG": "Controlla lo stato del dojo."
  },
  "5": {
    "MSG": "Spendi fondi per migliorare le strutture del dojo."
  },
  "6": {
    "MSG": "Termina l'allenamento."
  },
  "7": {
    "MSG": "Si prega di impostare un programma."
  },
  "8": {
    "MSG": "Inizia l'allenamento."
  },
  "9": {
    "MSG": "Devi finire di impostare il programma."
  },
  "10": {
    "MSG": "Equipaggia l'apprendista con le Abilit~ acquisite."
  },
  "11": {
    "MSG": "Equipaggia l'apprendista con le Mosse Finali acquisite."
  },
  "12": {
    "MSG": "Non hai ancora acquisito questa Abilit~."
  },
  "13": {
    "MSG": "Non hai ancora acquisito questa Mossa Finale."
  },
  "14": {
    "MSG": "Puoi selezionare solo Riposo. Il tuo apprendista | ferito."
  },
  "15": {
    "MSG": "Puoi selezionare solo Torneo, questo | il tuo turno finale."
  },
  "16": {
    "MSG": "Devi partecipare a un Torneo, questo | il tuo turno finale."
  },
  "17": {
    "MSG": "Non puoi tornare indietro finch$ non inizi l'allenamento."
  },
  "18": {
    "MSG": "Le voci del menu speciale non possono essere modificate."
  },
  "19": {
    "MSG": "Non ci sono Mosse Finali che puoi insegnare."
  },
  "20": {
    "MSG": "Non puoi aggiornare questa struttura senza rinnovare."
  },
  "21": {
    "MSG": "Non puoi ancora aggiornare questa struttura."
  },
  "types": {
    "MSG": "string"
  }
}