{
  "0": {
    "KIND": "Forza di Volont~",
    "MSG": "L'apprendista si rialzer~ un'altra volta anche se la sua Stamina raggiunge lo zero."
  },
  "1": {
    "KIND": "Allungo Finale",
    "MSG": "La frequenza di attacco aumenter~ dopo che l'avversario | stato messo all'angolo."
  },
  "2": {
    "KIND": "Primo Attacco",
    "MSG": "La frequenza di attacco aumenter~ per 10 secondi dopo l'inizio del combattimento. Tuttavia, questa Abilit~ diventa inefficace una volta che vieni colpito."
  },
  "3": {
    "KIND": "Lunatico",
    "MSG": "L'Umore dell'apprendista determina la sua frequenza di attacco. C'| una probabilit~ del 70% che la frequenza di attacco aumenti."
  },
  "4": {
    "KIND": "Pugno Fortunato",
    "MSG": "Le abilit~ saranno migliorate se l'avversario ha pi& Stamina dell'apprendista. Le abilit~ diminuiranno se l'avversario ha meno Stamina."
  },
  "5": {
    "KIND": "Orgoglio",
    "MSG": "L'Umore dell'apprendista migliorer~ di un livello. Tuttavia, la sua fatica post-combattimento sar~ maggiore del solito."
  },
  "6": {
    "KIND": "Persistenza",
    "MSG": "Aumenta il montepremi. Tuttavia, l'apprendista sar~ pi& aperto ai danni dell'avversario, poich$ sar~ distratto dalla reazione dei fan."
  },
  "7": {
    "KIND": "Abilit~ Regolare 07",
    "MSG": "Le abilit~ dell'apprendista aumentano notevolmente se non dai ordini durante un combattimento. Dare ordini avr~ l'effetto opposto."
  },
  "8": {
    "KIND": "Abilit~ Regolare 08",
    "MSG": "Le abilit~ dell'apprendista aumenteranno quando combatter~ in un incontro che ha perso prima. Perdere la seconda volta non diminuisce il suo Umore."
  },
  "9": {
    "KIND": "Abilit~ Regolare 09",
    "MSG": "Le abilit~ aumenteranno complessivamente in base al livello di Fiducia che l'apprendista ha con Saejima."
  },
  "types": {
    "KIND": "string",
    "MSG": "string"
  }
}