{
  "0": {
    "KIND": "Body Slam ",
    "MSG": "Un body slam semplice ma potente.\nPotenza: Bassa"
  },
  "1": {
    "KIND": "German Suplex ",
    "MSG": "Muoviti rapidamente dietro l'avversario per eseguire una mossa suplex.\nPotenza: Bassa"
  },
  "2": {
    "KIND": "Bear Hug ",
    "MSG": "Usa la forza bruta per lanciare l'avversario lontano.\nPotenza: Media"
  },
  "3": {
    "KIND": "Essenza dei Colpi Opportuni",
    "MSG": "Un potente attacco in piedi che utilizza combo di ginocchiate e calci alle gambe.\nPotenza: Media"
  },
  "4": {
    "KIND": "Essenza dello Sbattere la Recinzione",
    "MSG": "Calpesta un nemico con la forza bruta delle gambe.\nPotenza: Alta"
  },
  "5": {
    "KIND": "Essenza dello Spaccare la Recinzione",
    "MSG": "Prendi a pugni la faccia di un nemico a terra senza piet~.\nPotenza: Alta ~Pu# essere usato solo quando l'avversario | a terra."
  },
  "6": {
    "KIND": "Guard Breaker ",
    "MSG": "Lancia un nemico a terra in aria per un clothesline.\nPotenza: Super ~Pu# essere usato solo quando l'avversario | a terra."
  },
  "7": {
    "KIND": "Combo Rimbalzo Muro ",
    "MSG": "Un attacco spietato che sbatte la faccia di un nemico contro una recinzione.\nPotenza: Media ~Pu# essere usato solo afferrando un avversario."
  },
  "8": {
    "KIND": "Abilit~ Speciale 08",
    "MSG": "Afferra e sbatte con forza un nemico a terra.\nPotenza: Super ~Pu# essere usato solo afferrando un avversario."
  },
  "9": {
    "KIND": "Abilit~ Speciale 09 ",
    "MSG": "Una mossa estremamente potente che abbatte il nemico a faccia in gi& sfruttando tutta la forza del tuo corpo.\nPotenza: Alta"
  },
  "types": {
    "KIND": "string",
    "MSG": "string"
  }
}