{
    "0": {
        "NAME": "Akira Yamaoka",
        "CATCHPHRASE": "L'Imperatore a Mani Nude",
        "ATTACK": "70",
        "THROW": "55",
        "DEFENCE": "45",
        "ATTACK_GLOWUP": "0",
        "THROW_GLOWUP": "0",
        "DEFENCE_GLOWUP": "0",
        "DIFFICULTY": "1",
        "NATION": "JPN",
        "HEIGHT": "182 cm",
        "WEIGHT": "92.6 kg",
        "STYLE": "Unknown",
        "AGE": "?",
        "BLOOD": "B",
        "START_MOTION": "e_btlst_KAZ_01",
        "STARTMOTION_GLOWUP": "",
        "MOTION": "e_SUG_stand",
        "MOTION_UP": "e_SUG_combo_a_01",
        "MOTION_DOWN": "e_SUG_atk_gyakutuki",
        "MOTION_GLOWUP": "",
        "MOTION_UP_GLOWUP": "",
        "MOTION_DOWN_GLOWUP": "",
        "ARMS1": "",
        "ARMS2": "",
        "ARMS1_GLOWUP": "",
        "ARMS2_GLOWUP": "",
        "EXPLANATION": "Un tempo l'unico campione di questo Colosseo, nessuno sa perch$ se ne sia andato o sia tornato. L'unica cosa certa | che | ancora il pi& forte e ha ancora sete di sangue.",
        "SWAY": "50",
        "SWAY_GLOWUP": "10"
    },
    "1": {
        "NAME": "Hannya Kurokawa",
        "CATCHPHRASE": "Il Mietitore Risorto",
        "ATTACK": "75",
        "THROW": "50",
        "DEFENCE": "50",
        "ATTACK_GLOWUP": "0",
        "THROW_GLOWUP": "0",
        "DEFENCE_GLOWUP": "0",
        "DIFFICULTY": "1",
        "NATION": "?",
        "HEIGHT": "180 cm",
        "WEIGHT": "103.2 kg",
        "STYLE": "Unknown",
        "AGE": "?",
        "BLOOD": "?",
        "START_MOTION": "e_btlst_angry_03",
        "STARTMOTION_GLOWUP": "",
        "MOTION": "e_KAZ_stand",
        "MOTION_UP": "e_LAU_combo_d_01",
        "MOTION_DOWN": "e_LAU_atk_punch_heavy",
        "MOTION_GLOWUP": "",
        "MOTION_UP_GLOWUP": "",
        "MOTION_DOWN_GLOWUP": "",
        "ARMS1": "",
        "ARMS2": "",
        "ARMS1_GLOWUP": "",
        "ARMS2_GLOWUP": "",
        "EXPLANATION": "Un uomo mascherato di origini sconosciute, si dice che fissare i suoi occhi attraverso la maschera accorcer~ la tua vita, e solo uno sguardo del suo volto senza maschera significa morte. I suoi avversari affrontano un destino spietato.",
        "SWAY": "40",
        "SWAY_GLOWUP": "25"
    },
    "2": {
        "NAME": "Ivan Ibrahimovic",
        "CATCHPHRASE": "Un Uomo Sopra Gli Uomini",
        "ATTACK": "70",
        "THROW": "30",
        "DEFENCE": "35",
        "ATTACK_GLOWUP": "0",
        "THROW_GLOWUP": "0",
        "DEFENCE_GLOWUP": "0",
        "DIFFICULTY": "1",
        "NATION": "?",
        "HEIGHT": "200 cm",
        "WEIGHT": "106.2 kg",
        "STYLE": "MMA",
        "AGE": "36",
        "BLOOD": "A",
        "START_MOTION": "e_btlst_IWA",
        "STARTMOTION_GLOWUP": "",
        "MOTION": "e_IWA_stand",
        "MOTION_UP": "e_IWA_combo_a_01",
        "MOTION_DOWN": "e_IWA_atk_down_kick",
        "MOTION_GLOWUP": "",
        "MOTION_UP_GLOWUP": "",
        "MOTION_DOWN_GLOWUP": "",
        "ARMS1": "",
        "ARMS2": "",
        "ARMS1_GLOWUP": "",
        "ARMS2_GLOWUP": "",
        "EXPLANATION": "Tutte le sue sconfitte passate erano apparentemente finte. Questo superuomo si vanta di non essere mai stato messo KO. Il suo fisico ineguagliabile da solo | sufficiente per far riflettere chiunque osi affrontarlo.",
        "SWAY": "50",
        "SWAY_GLOWUP": "25"
    },
    "3": {
        "NAME": "Adabana",
        "CATCHPHRASE": "Il Tragico Yokozuna",
        "ATTACK": "60",
        "THROW": "40",
        "DEFENCE": "30",
        "ATTACK_GLOWUP": "0",
        "THROW_GLOWUP": "0",
        "DEFENCE_GLOWUP": "0",
        "DIFFICULTY": "1",
        "NATION": "USA",
        "HEIGHT": "180 cm",
        "WEIGHT": "189.2 kg",
        "STYLE": "Sumo/MMA",
        "AGE": "30",
        "BLOOD": "O",
        "START_MOTION": "e_btlst_SMO_01",
        "STARTMOTION_GLOWUP": "",
        "MOTION": "e_SMO_stand",
        "MOTION_UP": "e_DEB_atk_harite",
        "MOTION_DOWN": "e_DEB_atk_headbutt",
        "MOTION_GLOWUP": "",
        "MOTION_UP_GLOWUP": "",
        "MOTION_DOWN_GLOWUP": "",
        "ARMS1": "",
        "ARMS2": "",
        "ARMS1_GLOWUP": "",
        "ARMS2_GLOWUP": "",
        "EXPLANATION": "La leggenda che ha superato il leggendario campione di sumo Raiden. Ha affrontato la tragedia quando | stato costretto a ritirarsi dopo aver rotto il collo di un avversario con uno schiaffo mortale.",
        "SWAY": "35",
        "SWAY_GLOWUP": "20"
    },
    "4": {
        "NAME": "Kaname Ginga",
        "CATCHPHRASE": "L'Uomo Scelto da Dio",
        "ATTACK": "75",
        "THROW": "10",
        "DEFENCE": "45",
        "ATTACK_GLOWUP": "0",
        "THROW_GLOWUP": "0",
        "DEFENCE_GLOWUP": "0",
        "DIFFICULTY": "1",
        "NATION": "JPN",
        "HEIGHT": "170 cm",
        "WEIGHT": "102.1 kg",
        "STYLE": "Karate",
        "AGE": "22",
        "BLOOD": "AB",
        "START_MOTION": "e_btlst_KARATE_01",
        "STARTMOTION_GLOWUP": "",
        "MOTION": "e_KAZ_stand",
        "MOTION_UP": "e_KAZ_combo_a_01",
        "MOTION_DOWN": "e_KAZ_atk_punch_heavy",
        "MOTION_GLOWUP": "",
        "MOTION_UP_GLOWUP": "",
        "MOTION_DOWN_GLOWUP": "",
        "ARMS1": "",
        "ARMS2": "",
        "ARMS1_GLOWUP": "",
        "ARMS2_GLOWUP": "",
        "EXPLANATION": "In ogni epoca e campo, c'| sempre qualcuno le cui abilit~ sono senza pari, come se quella persona fosse benedetta dagli dei. Ginga | quest'uomo al Colosseo Sotterraneo.",
        "SWAY": "40",
        "SWAY_GLOWUP": "40"
    },
    "5": {
        "NAME": "Valery Garrett",
        "CATCHPHRASE": "Il Pugno del Diavolo",
        "ATTACK": "75",
        "THROW": "10",
        "DEFENCE": "35",
        "ATTACK_GLOWUP": "0",
        "THROW_GLOWUP": "0",
        "DEFENCE_GLOWUP": "0",
        "DIFFICULTY": "1",
        "NATION": "NED",
        "HEIGHT": "182 cm",
        "WEIGHT": "118 kg",
        "STYLE": "MMA",
        "AGE": "32",
        "BLOOD": "A",
        "START_MOTION": "e_btlst_MUETAI_01",
        "STARTMOTION_GLOWUP": "",
        "MOTION": "e_MIN_stand",
        "MOTION_UP": "e_MIN_combo_a_01",
        "MOTION_DOWN": "e_MIN_atk_heavy",
        "MOTION_GLOWUP": "",
        "MOTION_UP_GLOWUP": "",
        "MOTION_DOWN_GLOWUP": "",
        "ARMS1": "",
        "ARMS2": "",
        "ARMS1_GLOWUP": "",
        "ARMS2_GLOWUP": "",
        "EXPLANATION": "Le sue origini e le ragioni per cui combatte sono nascoste sotto un velo di mistero. I suoi potenti pugni hanno mandato in pensione numerosi grandi combattenti. Davvero l'uomo pi& forte in vita, si dice che i demoni dimorino nei suoi pugni.",
        "SWAY": "40",
        "SWAY_GLOWUP": "35"
    },
    "6": {
        "NAME": "Sotaro Komaki",
        "CATCHPHRASE": "Tesoro del Mondo del Combattimento",
        "ATTACK": "65",
        "THROW": "40",
        "DEFENCE": "30",
        "ATTACK_GLOWUP": "0",
        "THROW_GLOWUP": "0",
        "DEFENCE_GLOWUP": "0",
        "DIFFICULTY": "1",
        "NATION": "JPN",
        "HEIGHT": "170 cm",
        "WEIGHT": "58.7 kg",
        "STYLE": "Martial Arts",
        "AGE": "?",
        "BLOOD": "?",
        "START_MOTION": "e_btlst_angry_03",
        "STARTMOTION_GLOWUP": "",
        "MOTION": "p_stand_btl",
        "MOTION_UP": "p_combo_01",
        "MOTION_DOWN": "p_atk_kick_f",
        "MOTION_GLOWUP": "",
        "MOTION_UP_GLOWUP": "",
        "MOTION_DOWN_GLOWUP": "",
        "ARMS1": "",
        "ARMS2": "",
        "ARMS1_GLOWUP": "",
        "ARMS2_GLOWUP": "",
        "EXPLANATION": "Esperto di arti marziali e fondatore della misteriosa tecnica Komaki. La sua forza imperitura | in continua evoluzione. Continua a combattere per sfidare se stesso e diffondere le arti Komaki.",
        "SWAY": "50",
        "SWAY_GLOWUP": "25"
    },
    "7": {
        "NAME": "Inzen Hozoin",
        "CATCHPHRASE": "Il Bambino Pi& Ingrato",
        "ATTACK": "70",
        "THROW": "0",
        "DEFENCE": "40",
        "ATTACK_GLOWUP": "0",
        "THROW_GLOWUP": "0",
        "DEFENCE_GLOWUP": "0",
        "DIFFICULTY": "1",
        "NATION": "JPN",
        "HEIGHT": "180 cm",
        "WEIGHT": "67.4 kg",
        "STYLE": "Spear",
        "AGE": "23",
        "BLOOD": "A",
        "START_MOTION": "e_btlst_weaponQ_01",
        "STARTMOTION_GLOWUP": "",
        "MOTION": "e_LAU_I_stand",
        "MOTION_UP": "e_LAU_I_combo_a_01",
        "MOTION_DOWN": "e_LAU_I_combo_b_01",
        "MOTION_GLOWUP": "",
        "MOTION_UP_GLOWUP": "",
        "MOTION_DOWN_GLOWUP": "",
        "ARMS1": "WEYAM3001",
        "ARMS2": "",
        "ARMS1_GLOWUP": "",
        "ARMS2_GLOWUP": "",
        "EXPLANATION": "Il successore della tecnica della lancia Hozoin, tramandata dal periodo Azuchi-Momoyama. Le sue abilit~ e movimenti superiori con la lancia sono alla pari con il fondatore dello stile, Inei. Combatte per diffondere lo spirito Hozoin.",
        "SWAY": "40",
        "SWAY_GLOWUP": "50"
    },
    "8": {
        "NAME": "Rayzy",
        "CATCHPHRASE": "L'Eroe d'Azione Sanguinario",
        "ATTACK": "70",
        "THROW": "30",
        "DEFENCE": "35",
        "ATTACK_GLOWUP": "0",
        "THROW_GLOWUP": "0",
        "DEFENCE_GLOWUP": "0",
        "DIFFICULTY": "1",
        "NATION": "JPN",
        "HEIGHT": "170 cm",
        "WEIGHT": "99.2 kg",
        "STYLE": "Theater",
        "AGE": "35",
        "BLOOD": "B",
        "START_MOTION": "e_btlst_YKZS_01",
        "STARTMOTION_GLOWUP": "",
        "MOTION": "e_IHA_stand",
        "MOTION_UP": "e_IHA_combo_01",
        "MOTION_DOWN": "e_IHA_atk_heavy_straight",
        "MOTION_GLOWUP": "",
        "MOTION_UP_GLOWUP": "",
        "MOTION_DOWN_GLOWUP": "",
        "ARMS1": "",
        "ARMS2": "",
        "ARMS1_GLOWUP": "",
        "ARMS2_GLOWUP": "",
        "EXPLANATION": "Ex star di film d'azione che presentavano combattimenti reali, la sua vita si | trasformata in tragedia e disperazione quando | andato oltre la recitazione e ha ucciso una co-star.",
        "SWAY": "40",
        "SWAY_GLOWUP": "30"
    },
    "9": {
        "NAME": "Rei Himuro",
        "CATCHPHRASE": "L'Uomo d'Affari Assassino",
        "ATTACK": "60",
        "THROW": "30",
        "DEFENCE": "30",
        "ATTACK_GLOWUP": "0",
        "THROW_GLOWUP": "0",
        "DEFENCE_GLOWUP": "0",
        "DIFFICULTY": "1",
        "NATION": "JPN",
        "HEIGHT": "180 cm",
        "WEIGHT": "68.5 kg",
        "STYLE": "Brass Knuckles",
        "AGE": "27",
        "BLOOD": "O",
        "START_MOTION": "e_btlst_ykz_01",
        "STARTMOTION_GLOWUP": "",
        "MOTION": "e_TAM_M_stand",
        "MOTION_UP": "e_TAM_M_combo_c_01",
        "MOTION_DOWN": "e_TAM_M_atk_upper",
        "MOTION_GLOWUP": "",
        "MOTION_UP_GLOWUP": "",
        "MOTION_DOWN_GLOWUP": "",
        "ARMS1": "",
        "ARMS2": "",
        "ARMS1_GLOWUP": "",
        "ARMS2_GLOWUP": "",
        "EXPLANATION": "Un uomo misterioso con la reputazione di usare oggetti di uso quotidiano come biglietti da visita, penne e orologi come armi mortali. Per questo motivo gli | vietato scambiare biglietti da visita con altri combattenti.",
        "SWAY": "40",
        "SWAY_GLOWUP": "15"
    },
    "10": {
        "NAME": "Kurotaka",
        "CATCHPHRASE": "Il Becco della Vittoria",
        "ATTACK": "50",
        "THROW": "40",
        "DEFENCE": "40",
        "ATTACK_GLOWUP": "0",
        "THROW_GLOWUP": "0",
        "DEFENCE_GLOWUP": "0",
        "DIFFICULTY": "1",
        "NATION": "JPN",
        "HEIGHT": "185 cm",
        "WEIGHT": "98.5 kg",
        "STYLE": "Pro-Wrestling",
        "AGE": "31",
        "BLOOD": "A",
        "START_MOTION": "e_btlst_YKZS_02",
        "STARTMOTION_GLOWUP": "",
        "MOTION": "e_MSK_stand",
        "MOTION_UP": "e_MSK_combo_a_01",
        "MOTION_DOWN": "e_MTO_atk_rollsobat",
        "MOTION_GLOWUP": "",
        "MOTION_UP_GLOWUP": "",
        "MOTION_DOWN_GLOWUP": "",
        "ARMS1": "",
        "ARMS2": "",
        "ARMS1_GLOWUP": "",
        "ARMS2_GLOWUP": "",
        "EXPLANATION": "Un pro-wrestler mascherato bandito dal ring dopo numerosi misfatti. ^ venuto al Colosseo Sotterraneo per combattere, ma mira a vendicarsi del mondo del pro-wrestling.",
        "SWAY": "30",
        "SWAY_GLOWUP": "15"
    },
    "11": {
        "NAME": "Romeo Nishikawa",
        "CATCHPHRASE": "Madonna Omicida",
        "ATTACK": "60",
        "THROW": "30",
        "DEFENCE": "40",
        "ATTACK_GLOWUP": "0",
        "THROW_GLOWUP": "0",
        "DEFENCE_GLOWUP": "0",
        "DIFFICULTY": "1",
        "NATION": "JPN",
        "HEIGHT": "186 cm",
        "WEIGHT": "64 kg",
        "STYLE": "MMA",
        "AGE": "28",
        "BLOOD": "A",
        "START_MOTION": "e_btlst_GAI_02",
        "STARTMOTION_GLOWUP": "",
        "MOTION": "e_MIN_stand",
        "MOTION_UP": "e_MIN_combo_c_01",
        "MOTION_DOWN": "e_MIN_atk_esc",
        "MOTION_GLOWUP": "",
        "MOTION_UP_GLOWUP": "",
        "MOTION_DOWN_GLOWUP": "",
        "ARMS1": "",
        "ARMS2": "",
        "ARMS1_GLOWUP": "",
        "ARMS2_GLOWUP": "",
        "EXPLANATION": "Dominare, saccheggiare e vincere tutto, in un certo senso, personifica la natura umana di base. Si dice che fuori dal ring sia un tenerone sensibile, ma dentro | un potente tiranno combattente.",
        "SWAY": "45",
        "SWAY_GLOWUP": "25"
    },
    "12": {
        "NAME": "Nobu Yamamoto",
        "CATCHPHRASE": "Il Distruttore Xenofobo",
        "ATTACK": "60",
        "THROW": "60",
        "DEFENCE": "40",
        "ATTACK_GLOWUP": "0",
        "THROW_GLOWUP": "0",
        "DEFENCE_GLOWUP": "0",
        "DIFFICULTY": "1",
        "NATION": "JPN",
        "HEIGHT": "184 cm",
        "WEIGHT": "100.5 kg",
        "STYLE": "Karate",
        "AGE": "25",
        "BLOOD": "B",
        "START_MOTION": "e_btlst_KARATE_02",
        "STARTMOTION_GLOWUP": "",
        "MOTION": "e_KAZ_stand",
        "MOTION_UP": "e_KAZ_combo_a_01",
        "MOTION_DOWN": "e_KAZ_atk_down_punch",
        "MOTION_GLOWUP": "",
        "MOTION_UP_GLOWUP": "",
        "MOTION_DOWN_GLOWUP": "",
        "ARMS1": "",
        "ARMS2": "",
        "ARMS1_GLOWUP": "",
        "ARMS2_GLOWUP": "",
        "EXPLANATION": "Un profondo odio per i combattenti stranieri spinge quest'uomo a combattere con tutte le sue forze. Le sue ragioni sembrano derivare dalla sua infanzia. Se solo combattesse tutti con tale cuore...",
        "SWAY": "30",
        "SWAY_GLOWUP": "40"
    },
    "13": {
        "NAME": "Robin Ashbourne",
        "CATCHPHRASE": "Il Mostro di Metallo",
        "ATTACK": "70",
        "THROW": "30",
        "DEFENCE": "40",
        "ATTACK_GLOWUP": "0",
        "THROW_GLOWUP": "0",
        "DEFENCE_GLOWUP": "0",
        "DIFFICULTY": "1",
        "NATION": "USA",
        "HEIGHT": "186 cm",
        "WEIGHT": "90.5 kg",
        "STYLE": "Heavy Metal",
        "AGE": "32",
        "BLOOD": "O",
        "START_MOTION": "e_btlst_eye_04",
        "STARTMOTION_GLOWUP": "",
        "MOTION": "e_RIC_stand",
        "MOTION_UP": "e_RIC_combo_kick_01",
        "MOTION_DOWN": "e_RIC_atk_kick_jump",
        "MOTION_GLOWUP": "",
        "MOTION_UP_GLOWUP": "",
        "MOTION_DOWN_GLOWUP": "",
        "ARMS1": "",
        "ARMS2": "",
        "ARMS1_GLOWUP": "",
        "ARMS2_GLOWUP": "",
        "EXPLANATION": "Un combattente degno di nota che si vanta che il suo ruggito | capace di devastare tutto ci# che lo circonda. Gli addetti ai lavori dicono che la sua presenza sta aumentando l'affluenza al Colosseo Sotterraneo.",
        "SWAY": "40",
        "SWAY_GLOWUP": "20"
    },
    "14": {
        "NAME": "Laos Waiwatt",
        "CATCHPHRASE": "Il Dio della Kickboxing",
        "ATTACK": "65",
        "THROW": "30",
        "DEFENCE": "30",
        "ATTACK_GLOWUP": "0",
        "THROW_GLOWUP": "0",
        "DEFENCE_GLOWUP": "0",
        "DIFFICULTY": "1",
        "NATION": "THA",
        "HEIGHT": "175 cm",
        "WEIGHT": "68.5 kg",
        "STYLE": "Muay Thai",
        "AGE": "26",
        "BLOOD": "B",
        "START_MOTION": "e_btlst_MUETAI_01",
        "STARTMOTION_GLOWUP": "",
        "MOTION": "e_KBX_stand",
        "MOTION_UP": "e_RIC_combo_kick_01",
        "MOTION_DOWN": "e_RIC_atk_down_kick",
        "MOTION_GLOWUP": "",
        "MOTION_UP_GLOWUP": "",
        "MOTION_DOWN_GLOWUP": "",
        "ARMS1": "",
        "ARMS2": "",
        "ARMS1_GLOWUP": "",
        "ARMS2_GLOWUP": "",
        "EXPLANATION": "La sua influenza gli ha conferito il titolo di \"Waiwatt di Thailandia\", e i suoi calci unici nel tempo hanno spezzato i corpi e le anime di innumerevoli kickboxer. Il suo slancio continua al Colosseo Sotterraneo.",
        "SWAY": "40",
        "SWAY_GLOWUP": "30"
    },
    "15": {
        "NAME": "Shoji Yonashiro",
        "CATCHPHRASE": "Enciclopedia Ambulante di Combattenti",
        "ATTACK": "50",
        "THROW": "10",
        "DEFENCE": "35",
        "ATTACK_GLOWUP": "0",
        "THROW_GLOWUP": "0",
        "DEFENCE_GLOWUP": "0",
        "DIFFICULTY": "1",
        "NATION": "JPN",
        "HEIGHT": "180 cm",
        "WEIGHT": "70.2 kg",
        "STYLE": "Nunchaku",
        "AGE": "50",
        "BLOOD": "O",
        "START_MOTION": "p_btlst_weaponV_01",
        "STARTMOTION_GLOWUP": "",
        "MOTION": "p_weaponV_stand_btl",
        "MOTION_UP": "p_weaponV_combo_01",
        "MOTION_DOWN": "p_weaponV_atk_heavy",
        "MOTION_GLOWUP": "",
        "MOTION_UP_GLOWUP": "",
        "MOTION_DOWN_GLOWUP": "",
        "ARMS1": "",
        "ARMS2": "",
        "ARMS1_GLOWUP": "",
        "ARMS2_GLOWUP": "",
        "EXPLANATION": "Un esperto di arti marziali Ryukyu di Okinawa. Si dice che le sue abilit~ vecchio stile e con il nunchaku siano di livello maestro. L'eccitazione di Kamurocho lo ha allontanato dal suo viaggio nell'ultimo anno.",
        "SWAY": "40",
        "SWAY_GLOWUP": "35"
    },
    "16": {
        "NAME": "Norman C. Wade",
        "CATCHPHRASE": "Treno Inarrestabile del Terrore",
        "ATTACK": "40",
        "THROW": "15",
        "DEFENCE": "30",
        "ATTACK_GLOWUP": "0",
        "THROW_GLOWUP": "0",
        "DEFENCE_GLOWUP": "0",
        "DIFFICULTY": "1",
        "NATION": "USA",
        "HEIGHT": "210 cm",
        "WEIGHT": "136.5 kg",
        "STYLE": "Kickboxing",
        "AGE": "34",
        "BLOOD": "A",
        "START_MOTION": "e_btlst_KICKB_01",
        "STARTMOTION_GLOWUP": "",
        "MOTION": "e_RIC_stand",
        "MOTION_UP": "e_RIC_combo_kick_01",
        "MOTION_DOWN": "e_RIK_atk_jump_knee",
        "MOTION_GLOWUP": "",
        "MOTION_UP_GLOWUP": "",
        "MOTION_DOWN_GLOWUP": "",
        "ARMS1": "",
        "ARMS2": "",
        "ARMS1_GLOWUP": "",
        "ARMS2_GLOWUP": "",
        "EXPLANATION": "Un gigante infuriato che pu# essere fermato sul ring solo dai suoi gestori. La sua propensione alla violenza ha portato a problemi fuori dal ring. Viene in cerca di un posto dove saziare la sua sete di violenza.",
        "SWAY": "35",
        "SWAY_GLOWUP": "15"
    },
    "17": {
        "NAME": "Mike Berheart",
        "CATCHPHRASE": "Mostro dei Tropici",
        "ATTACK": "75",
        "THROW": "10",
        "DEFENCE": "35",
        "ATTACK_GLOWUP": "0",
        "THROW_GLOWUP": "0",
        "DEFENCE_GLOWUP": "0",
        "DIFFICULTY": "1",
        "NATION": "NZL",
        "HEIGHT": "179 cm",
        "WEIGHT": "115.7 kg",
        "STYLE": "Kickboxing",
        "AGE": "31",
        "BLOOD": "B",
        "START_MOTION": "e_btlst_BOX_01",
        "STARTMOTION_GLOWUP": "",
        "MOTION": "e_TAM_M_stand",
        "MOTION_UP": "e_CBX_combo_a_01",
        "MOTION_DOWN": "e_CBX_atk_hammer",
        "MOTION_GLOWUP": "",
        "MOTION_UP_GLOWUP": "",
        "MOTION_DOWN_GLOWUP": "",
        "ARMS1": "",
        "ARMS2": "",
        "ARMS1_GLOWUP": "",
        "ARMS2_GLOWUP": "",
        "EXPLANATION": "Un combattente di una fiera trib& guerriera. Cresciuto dalla madre natura, i suoi muscoli servono sia come armatura che come rampa di lancio per attacchi feroci. ^ venuto al Colosseo Sotterraneo in cerca di denaro.",
        "SWAY": "40",
        "SWAY_GLOWUP": "30"
    },
    "18": {
        "NAME": "Otaki Minotaur",
        "CATCHPHRASE": "Il Lottatore Demone",
        "ATTACK": "60",
        "THROW": "40",
        "DEFENCE": "35",
        "ATTACK_GLOWUP": "0",
        "THROW_GLOWUP": "0",
        "DEFENCE_GLOWUP": "0",
        "DIFFICULTY": "1",
        "NATION": "JPN",
        "HEIGHT": "190 cm",
        "WEIGHT": "145 kg",
        "STYLE": "Pro-Wrestling",
        "AGE": "29",
        "BLOOD": "AB",
        "START_MOTION": "e_btlst_SMO_01",
        "STARTMOTION_GLOWUP": "",
        "MOTION": "e_KND_stand",
        "MOTION_UP": "e_KND_combo_a_01",
        "MOTION_DOWN": "e_KND_atk_kick",
        "MOTION_GLOWUP": "",
        "MOTION_UP_GLOWUP": "",
        "MOTION_DOWN_GLOWUP": "",
        "ARMS1": "",
        "ARMS2": "",
        "ARMS1_GLOWUP": "",
        "ARMS2_GLOWUP": "",
        "EXPLANATION": "Usando la sua forza come arma, Minotaur domina la scena del wrestling. Combatte nel Colosseo Sotterraneo per dimostrare la superiorit~ del pro-wrestling su tutti gli stili di combattimento.",
        "SWAY": "35",
        "SWAY_GLOWUP": "35"
    },
    "19": {
        "NAME": "Torakichi Onigashima",
        "CATCHPHRASE": "Il Ribelle del Mondo del Sumo",
        "ATTACK": "50",
        "THROW": "50",
        "DEFENCE": "30",
        "ATTACK_GLOWUP": "0",
        "THROW_GLOWUP": "0",
        "DEFENCE_GLOWUP": "0",
        "DIFFICULTY": "1",
        "NATION": "JPN",
        "HEIGHT": "203 cm",
        "WEIGHT": "224.5 kg",
        "STYLE": "Sumo",
        "AGE": "28",
        "BLOOD": "O",
        "START_MOTION": "e_btlst_SMO_02",
        "STARTMOTION_GLOWUP": "",
        "MOTION": "e_SMO_stand",
        "MOTION_UP": "e_DEB_atk_headbutt",
        "MOTION_DOWN": "e_DEB_atk_harite",
        "MOTION_GLOWUP": "",
        "MOTION_UP_GLOWUP": "",
        "MOTION_DOWN_GLOWUP": "",
        "ARMS1": "",
        "ARMS2": "",
        "ARMS1_GLOWUP": "",
        "ARMS2_GLOWUP": "",
        "EXPLANATION": "Un tempo al vertice del mondo del sumo, | stato espulso dal ring a causa del cattivo comportamento. Tuttavia, la sua passione per il sumo rimane, e pratica ancora il cerimoniale passo \"shiko\".",
        "SWAY": "30",
        "SWAY_GLOWUP": "30"
    },
    "20": {
        "NAME": "Utamaro VII",
        "CATCHPHRASE": "La Stella Sanguinaria",
        "ATTACK": "40",
        "THROW": "40",
        "DEFENCE": "30",
        "ATTACK_GLOWUP": "0",
        "THROW_GLOWUP": "0",
        "DEFENCE_GLOWUP": "0",
        "DIFFICULTY": "1",
        "NATION": "JPN",
        "HEIGHT": "180 cm",
        "WEIGHT": "95.1 kg",
        "STYLE": "Kabuki",
        "AGE": "26",
        "BLOOD": "A",
        "START_MOTION": "e_btlst_SMO_03",
        "STARTMOTION_GLOWUP": "",
        "MOTION": "e_KAZ_stand",
        "MOTION_UP": "e_KAZ_combo_a_01",
        "MOTION_DOWN": "e_KAZ_atk_kick_2dan",
        "MOTION_GLOWUP": "",
        "MOTION_UP_GLOWUP": "",
        "MOTION_DOWN_GLOWUP": "",
        "ARMS1": "",
        "ARMS2": "",
        "ARMS1_GLOWUP": "",
        "ARMS2_GLOWUP": "",
        "EXPLANATION": "Questo promettente combattente kabuki ha uno strano motto: \"Il sangue degli altri | prezioso quanto denaro che cade a pioggia\". Quale sar~ la reazione della folla ai suoi combattimenti: applausi fragorosi o urla di terrore?",
        "SWAY": "35",
        "SWAY_GLOWUP": "30"
    },
    "21": {
        "NAME": "Count Albert",
        "CATCHPHRASE": "Omicidio per Dessert",
        "ATTACK": "65",
        "THROW": "30",
        "DEFENCE": "35",
        "ATTACK_GLOWUP": "0",
        "THROW_GLOWUP": "0",
        "DEFENCE_GLOWUP": "0",
        "DIFFICULTY": "1",
        "NATION": "?",
        "HEIGHT": "170 cm",
        "WEIGHT": "69.5 kg",
        "STYLE": "Kung Fu",
        "AGE": "41",
        "BLOOD": "AB",
        "START_MOTION": "e_btlst_angry_03",
        "STARTMOTION_GLOWUP": "",
        "MOTION": "e_JAK_stand",
        "MOTION_UP": "e_MNM_NML_combo_a_01",
        "MOTION_DOWN": "e_atk_bruce_kick",
        "MOTION_GLOWUP": "",
        "MOTION_UP_GLOWUP": "",
        "MOTION_DOWN_GLOWUP": "",
        "ARMS1": "",
        "ARMS2": "",
        "ARMS1_GLOWUP": "",
        "ARMS2_GLOWUP": "",
        "EXPLANATION": "Afferma di essere un discendente di Vlad l'Impalatore, rappresentando una lunga stirpe di vampiri. Sar~ in grado di riempire la sua vita elegante ma insipida con il suo dessert preferito: \"l'Uccisione\"?",
        "SWAY": "35",
        "SWAY_GLOWUP": "35"
    },
    "22": {
        "NAME": "Jaon",
        "CATCHPHRASE": "Uomo che Vive per Odiare",
        "ATTACK": "60",
        "THROW": "20",
        "DEFENCE": "30",
        "ATTACK_GLOWUP": "0",
        "THROW_GLOWUP": "0",
        "DEFENCE_GLOWUP": "0",
        "DIFFICULTY": "1",
        "NATION": "?",
        "HEIGHT": "179 cm",
        "WEIGHT": "0 kg",
        "STYLE": "Unknown",
        "AGE": "?",
        "BLOOD": "?",
        "START_MOTION": "e_btlst_warmup_05",
        "STARTMOTION_GLOWUP": "",
        "MOTION": "e_KND_stand",
        "MOTION_UP": "e_KND_combo_a_01",
        "MOTION_DOWN": "e_atk_uraken",
        "MOTION_GLOWUP": "",
        "MOTION_UP_GLOWUP": "",
        "MOTION_DOWN_GLOWUP": "",
        "ARMS1": "",
        "ARMS2": "",
        "ARMS1_GLOWUP": "",
        "ARMS2_GLOWUP": "",
        "EXPLANATION": "Un rancore lo ha riportato dall'inferno, reincarnandolo come un guerriero nel Colosseo. Cerca di riposare in pace dopo aver vinto il torneo, ma | improbabile che ci# accada presto.",
        "SWAY": "35",
        "SWAY_GLOWUP": "30"
    },
    "23": {
        "NAME": "Mister Chen",
        "CATCHPHRASE": "La Fabbrica di Sangue",
        "ATTACK": "60",
        "THROW": "10",
        "DEFENCE": "35",
        "ATTACK_GLOWUP": "0",
        "THROW_GLOWUP": "0",
        "DEFENCE_GLOWUP": "0",
        "DIFFICULTY": "1",
        "NATION": "CHN",
        "HEIGHT": "180 cm",
        "WEIGHT": "83 kg",
        "STYLE": "Kung Fu",
        "AGE": "43",
        "BLOOD": "O",
        "START_MOTION": "e_btlst_angry_06",
        "STARTMOTION_GLOWUP": "",
        "MOTION": "e_JAK_stand",
        "MOTION_UP": "e_atk_snake_chop_sting",
        "MOTION_DOWN": "e_atk_kungfu_punch",
        "MOTION_GLOWUP": "",
        "MOTION_UP_GLOWUP": "",
        "MOTION_DOWN_GLOWUP": "",
        "ARMS1": "",
        "ARMS2": "",
        "ARMS1_GLOWUP": "",
        "ARMS2_GLOWUP": "",
        "EXPLANATION": "Non si immaginerebbe che questo brutale combattente sia in realt~ un calmo cuoco cinese a Little Asia nei suoi giorni liberi. Il suo trucco di scena | apparentemente la fonte della sua forza.",
        "SWAY": "30",
        "SWAY_GLOWUP": "30"
    },
    "24": {
        "NAME": "Kyoya Kawasaki",
        "CATCHPHRASE": "Lo Stallone Impazzito",
        "ATTACK": "40",
        "THROW": "20",
        "DEFENCE": "30",
        "ATTACK_GLOWUP": "0",
        "THROW_GLOWUP": "0",
        "DEFENCE_GLOWUP": "0",
        "DIFFICULTY": "1",
        "NATION": "JPN",
        "HEIGHT": "170 cm",
        "WEIGHT": "70.2 kg",
        "STYLE": "Steel Claws",
        "AGE": "23",
        "BLOOD": "A",
        "START_MOTION": "e_btlst_nml_03",
        "STARTMOTION_GLOWUP": "",
        "MOTION": "e_LAU_U_stand",
        "MOTION_UP": "e_LAU_U_combo_a_01",
        "MOTION_DOWN": "e_LAU_U_atk_kaiten",
        "MOTION_GLOWUP": "",
        "MOTION_UP_GLOWUP": "",
        "MOTION_DOWN_GLOWUP": "",
        "ARMS1": "",
        "ARMS2": "",
        "ARMS1_GLOWUP": "",
        "ARMS2_GLOWUP": "",
        "EXPLANATION": "Questo combattente chiacchierato ha creato da solo il genere dello \"Stallone Impazzito\". I fan attendono con impazienza il suo primo sacrificio sul ring, ma deve ancora arrivare.",
        "SWAY": "40",
        "SWAY_GLOWUP": "10"
    },
    "25": {
        "NAME": "S. G. Jack",
        "CATCHPHRASE": "Il Cattivo Riformato",
        "ATTACK": "50",
        "THROW": "40",
        "DEFENCE": "30",
        "ATTACK_GLOWUP": "0",
        "THROW_GLOWUP": "0",
        "DEFENCE_GLOWUP": "0",
        "DIFFICULTY": "1",
        "NATION": "JPN",
        "HEIGHT": "185 cm",
        "WEIGHT": "111.7 kg",
        "STYLE": "Pro-Wrestling",
        "AGE": "36",
        "BLOOD": "B",
        "START_MOTION": "e_btlst_JYU_01",
        "STARTMOTION_GLOWUP": "",
        "MOTION": "e_KND_stand",
        "MOTION_UP": "e_KND_atk_rariatto",
        "MOTION_DOWN": "e_KND_atk_heavy_kick",
        "MOTION_GLOWUP": "",
        "MOTION_UP_GLOWUP": "",
        "MOTION_DOWN_GLOWUP": "",
        "ARMS1": "",
        "ARMS2": "",
        "ARMS1_GLOWUP": "",
        "ARMS2_GLOWUP": "",
        "EXPLANATION": "Lottava come un heel, ma un giorno divenne improvvisamente un face senza preavviso. Questo lo fece cacciare dalla sua organizzazione. Ora usa le sue eccezionali abilit~ qui per la sua paga.",
        "SWAY": "30",
        "SWAY_GLOWUP": "30"
    },
    "26": {
        "NAME": "Dead Boy Jr.",
        "CATCHPHRASE": "Il Prossimo Idolo della Malavita",
        "ATTACK": "50",
        "THROW": "20",
        "DEFENCE": "25",
        "ATTACK_GLOWUP": "0",
        "THROW_GLOWUP": "0",
        "DEFENCE_GLOWUP": "0",
        "DIFFICULTY": "1",
        "NATION": "JPN",
        "HEIGHT": "170 cm",
        "WEIGHT": "65.4 kg",
        "STYLE": "Street Fighting",
        "AGE": "18",
        "BLOOD": "O",
        "START_MOTION": "e_btlst_GAI_01",
        "STARTMOTION_GLOWUP": "",
        "MOTION": "e_RIK_stand",
        "MOTION_UP": "e_RIK_combo_a_01",
        "MOTION_DOWN": "e_RIK_atk_chop",
        "MOTION_GLOWUP": "",
        "MOTION_UP_GLOWUP": "",
        "MOTION_DOWN_GLOWUP": "",
        "ARMS1": "",
        "ARMS2": "",
        "ARMS1_GLOWUP": "",
        "ARMS2_GLOWUP": "",
        "EXPLANATION": "Uno specialista di combattimenti di strada della pi& grande banda del Giappone con un record di combattimenti comprovato da numerose esperienze infernali. Combatte per aumentare la presenza della sua banda nel sottosuolo.",
        "SWAY": "30",
        "SWAY_GLOWUP": "25"
    },
    "27": {
        "NAME": "Kintaro Izaka",
        "CATCHPHRASE": "Il Grande Lupo Dorato",
        "ATTACK": "50",
        "THROW": "10",
        "DEFENCE": "30",
        "ATTACK_GLOWUP": "55",
        "THROW_GLOWUP": "30",
        "DEFENCE_GLOWUP": "15",
        "DIFFICULTY": "1",
        "NATION": "JPN",
        "HEIGHT": "170 cm",
        "WEIGHT": "58.2 kg",
        "STYLE": "Boxing",
        "AGE": "29",
        "BLOOD": "A",
        "START_MOTION": "e_btlst_BOX_01",
        "STARTMOTION_GLOWUP": "",
        "MOTION": "e_TAM_M_stand",
        "MOTION_UP": "e_CBX_combo_b_01",
        "MOTION_DOWN": "e_BOX_atk_straight",
        "MOTION_GLOWUP": "",
        "MOTION_UP_GLOWUP": "",
        "MOTION_DOWN_GLOWUP": "",
        "ARMS1": "",
        "ARMS2": "",
        "ARMS1_GLOWUP": "",
        "ARMS2_GLOWUP": "",
        "EXPLANATION": "Questo pugile dai capelli dorati | abile nel sferrare combo di pugni super veloci. Non soddisfatto dei soldi del solo pugilato, ha deciso di combattere qui a causa della gigantesca borsa di combattimento.",
        "SWAY": "25",
        "SWAY_GLOWUP": "25"
    },
    "28": {
        "NAME": "Captain Hideaway",
        "CATCHPHRASE": "Il Recluso Infame",
        "ATTACK": "50",
        "THROW": "30",
        "DEFENCE": "30",
        "ATTACK_GLOWUP": "0",
        "THROW_GLOWUP": "0",
        "DEFENCE_GLOWUP": "0",
        "DIFFICULTY": "1",
        "NATION": "JPN",
        "HEIGHT": "179 cm",
        "WEIGHT": "88.3 kg",
        "STYLE": "Pro-Wrestling",
        "AGE": "37",
        "BLOOD": "B",
        "START_MOTION": "e_btlst_warmup_03",
        "STARTMOTION_GLOWUP": "",
        "MOTION": "e_MSK_stand",
        "MOTION_UP": "e_MSK_combo_a1_03",
        "MOTION_DOWN": "e_MSK_atk_heavy_kick",
        "MOTION_GLOWUP": "",
        "MOTION_UP_GLOWUP": "",
        "MOTION_DOWN_GLOWUP": "",
        "ARMS1": "",
        "ARMS2": "",
        "ARMS1_GLOWUP": "",
        "ARMS2_GLOWUP": "",
        "EXPLANATION": "Nonostante i suoi successi, soffre di fobie sociali e indossa una maschera per sfuggire alle sue paure. Minacciato da deathmatch ufficiali che potrebbero portare alla sua smascheramento, ora combatte nel sottosuolo.",
        "SWAY": "30",
        "SWAY_GLOWUP": "25"
    },
    "29": {
        "NAME": "Bleeder Rouge",
        "CATCHPHRASE": "La Maschera Rossa Sanguinaria",
        "ATTACK": "50",
        "THROW": "30",
        "DEFENCE": "40",
        "ATTACK_GLOWUP": "0",
        "THROW_GLOWUP": "0",
        "DEFENCE_GLOWUP": "0",
        "DIFFICULTY": "1",
        "NATION": "JPN",
        "HEIGHT": "170 cm",
        "WEIGHT": "73.8 kg",
        "STYLE": "MMA",
        "AGE": "31",
        "BLOOD": "A",
        "START_MOTION": "e_btlst_angry_04",
        "STARTMOTION_GLOWUP": "",
        "MOTION": "e_MIN_stand",
        "MOTION_UP": "e_MIN_combo_b_01",
        "MOTION_DOWN": "e_MIN_atk_heavy",
        "MOTION_GLOWUP": "",
        "MOTION_UP_GLOWUP": "",
        "MOTION_DOWN_GLOWUP": "",
        "ARMS1": "",
        "ARMS2": "",
        "ARMS1_GLOWUP": "",
        "ARMS2_GLOWUP": "",
        "EXPLANATION": "Numerosi rumors associano questo combattente mascherato al famoso Mon Amour Komiyama. Vero o no, nessuno sa cosa abbia portato questo combattente dove si trova oggi.",
        "SWAY": "30",
        "SWAY_GLOWUP": "25"
    },
    "30": {
        "NAME": "Jon Carter",
        "CATCHPHRASE": "Il Calciatore Basso Nero Pece",
        "ATTACK": "40",
        "THROW": "20",
        "DEFENCE": "35",
        "ATTACK_GLOWUP": "0",
        "THROW_GLOWUP": "0",
        "DEFENCE_GLOWUP": "0",
        "DIFFICULTY": "1",
        "NATION": "THA",
        "HEIGHT": "192 cm",
        "WEIGHT": "99.4 kg",
        "STYLE": "Kickboxing",
        "AGE": "29",
        "BLOOD": "O",
        "START_MOTION": "e_btlst_KICKB_01",
        "STARTMOTION_GLOWUP": "",
        "MOTION": "e_RIC_stand",
        "MOTION_UP": "e_KBX_combo_a_01",
        "MOTION_DOWN": "e_RIC_combo_kick_01",
        "MOTION_GLOWUP": "",
        "MOTION_UP_GLOWUP": "",
        "MOTION_DOWN_GLOWUP": "",
        "ARMS1": "",
        "ARMS2": "",
        "ARMS1_GLOWUP": "",
        "ARMS2_GLOWUP": "",
        "EXPLANATION": "Nonostante i suoi sorprendenti istinti di combattimento, ha perso la licenza a causa dei suoi legami con la mafia. Ha provato a organizzare dei ritorni, ma senza successo. Reclutato da uno scout, ora combatte al Colosseo Sotterraneo.",
        "SWAY": "35",
        "SWAY_GLOWUP": "10"
    },
    "31": {
        "NAME": "Hunter Ozawa",
        "CATCHPHRASE": "Il Soldato Silenzioso",
        "ATTACK": "50",
        "THROW": "10",
        "DEFENCE": "20",
        "ATTACK_GLOWUP": "0",
        "THROW_GLOWUP": "0",
        "DEFENCE_GLOWUP": "0",
        "DIFFICULTY": "1",
        "NATION": "JPN",
        "HEIGHT": "182 cm",
        "WEIGHT": "79.8 kg",
        "STYLE": "Guns",
        "AGE": "33",
        "BLOOD": "AB",
        "START_MOTION": "e_btlst_weaponY_01",
        "STARTMOTION_GLOWUP": "",
        "MOTION": "e_TAM_Y_stand",
        "MOTION_UP": "e_TAM_Y_shot",
        "MOTION_DOWN": "e_TAM_Y_sway_shot_l",
        "MOTION_GLOWUP": "",
        "MOTION_UP_GLOWUP": "",
        "MOTION_DOWN_GLOWUP": "",
        "ARMS1": "",
        "ARMS2": "",
        "ARMS1_GLOWUP": "",
        "ARMS2_GLOWUP": "",
        "EXPLANATION": "Un combattente professionista che ha affrontato la morte innumerevoli volte sul campo di battaglia come mercenario. Eseguir~ qualsiasi missione per denaro. Si allena al Colosseo Sotterraneo quando non ha lavoro.",
        "SWAY": "25",
        "SWAY_GLOWUP": "20"
    },
    "32": {
        "NAME": "William Clerc",
        "CATCHPHRASE": "Il Combattente Celebre",
        "ATTACK": "55",
        "THROW": "20",
        "DEFENCE": "30",
        "ATTACK_GLOWUP": "70",
        "THROW_GLOWUP": "30",
        "DEFENCE_GLOWUP": "50",
        "DIFFICULTY": "1",
        "NATION": "FRA",
        "HEIGHT": "179 cm",
        "WEIGHT": "92.6 kg",
        "STYLE": "Boxing",
        "AGE": "26",
        "BLOOD": "A",
        "START_MOTION": "e_btlst_BOX_01",
        "STARTMOTION_GLOWUP": "e_btlst_MUETAI_01",
        "MOTION": "e_BOX_stand",
        "MOTION_UP": "e_BOX_combo_a_01",
        "MOTION_DOWN": "e_atk_onetwo",
        "MOTION_GLOWUP": "e_TAM_M_stand",
        "MOTION_UP_GLOWUP": "e_CBX_combo_a_01",
        "MOTION_DOWN_GLOWUP": "e_CBX_atk_heavy_hammer",
        "ARMS1": "",
        "ARMS2": "",
        "ARMS1_GLOWUP": "",
        "ARMS2_GLOWUP": "",
        "EXPLANATION": "Di giorno | un famoso CEO di una societ~ informatica, ma spende ingenti somme per allenarsi e diventare un combattente pi& forte. Il suo allenamento lo ha portato al Colosseo Sotterraneo.",
        "SWAY": "25",
        "SWAY_GLOWUP": "45"
    },
    "33": {
        "NAME": "Headhunter Kariya",
        "CATCHPHRASE": "Il Cacciatore di Teste Professionista",
        "ATTACK": "40",
        "THROW": "30",
        "DEFENCE": "20",
        "ATTACK_GLOWUP": "0",
        "THROW_GLOWUP": "0",
        "DEFENCE_GLOWUP": "0",
        "DIFFICULTY": "1",
        "NATION": "JPN",
        "HEIGHT": "179 cm",
        "WEIGHT": "85.4 kg",
        "STYLE": "Axe",
        "AGE": "32",
        "BLOOD": "O",
        "START_MOTION": "e_btlst_weaponG_01",
        "STARTMOTION_GLOWUP": "",
        "MOTION": "e_parts_weaponD_01",
        "MOTION_UP": "e_heavy_atkD",
        "MOTION_DOWN": "e_weaponD_combo_01",
        "MOTION_GLOWUP": "",
        "MOTION_UP_GLOWUP": "",
        "MOTION_DOWN_GLOWUP": "",
        "ARMS1": "",
        "ARMS2": "",
        "ARMS1_GLOWUP": "",
        "ARMS2_GLOWUP": "",
        "EXPLANATION": "Questo famoso combattente | noto per la sua ascia gigante. Nonostante diverse vittorie, si vanta che nessuno ha assistito alla sua vera abilit~. Era solito lanciare la sua ascia sulla folla quando perdeva, ma non pi&.",
        "SWAY": "20",
        "SWAY_GLOWUP": "20"
    },
    "34": {
        "NAME": "Kamata",
        "CATCHPHRASE": "Mr. Internazionale",
        "ATTACK": "50",
        "THROW": "30",
        "DEFENCE": "35",
        "ATTACK_GLOWUP": "60",
        "THROW_GLOWUP": "10",
        "DEFENCE_GLOWUP": "20",
        "DIFFICULTY": "1",
        "NATION": "JPN",
        "HEIGHT": "173 cm",
        "WEIGHT": "72 kg",
        "STYLE": "Soccer",
        "AGE": "24",
        "BLOOD": "O",
        "START_MOTION": "e_btlst_angry_04",
        "STARTMOTION_GLOWUP": "",
        "MOTION": "e_SOC_stand",
        "MOTION_UP": "e_SOC_combo_01",
        "MOTION_DOWN": "e_SOC_atk_jump_kick",
        "MOTION_GLOWUP": "",
        "MOTION_UP_GLOWUP": "",
        "MOTION_DOWN_GLOWUP": "",
        "ARMS1": "",
        "ARMS2": "",
        "ARMS1_GLOWUP": "",
        "ARMS2_GLOWUP": "",
        "EXPLANATION": "Un ex giocatore di calcio di alto livello, ora combatte al Colosseo Sotterraneo per dimostrare che il calcio | lo sport numero uno. Apparentemente lavora come commentatore televisivo nei suoi giorni liberi.",
        "SWAY": "30",
        "SWAY_GLOWUP": "15"
    },
    "35": {
        "NAME": "Death Volley Sawai",
        "CATCHPHRASE": "Lo Schiacciatore del Bagno di Sangue",
        "ATTACK": "45",
        "THROW": "20",
        "DEFENCE": "30",
        "ATTACK_GLOWUP": "45",
        "THROW_GLOWUP": "10",
        "DEFENCE_GLOWUP": "18",
        "DIFFICULTY": "1",
        "NATION": "JPN",
        "HEIGHT": "192 cm",
        "WEIGHT": "82.5 kg",
        "STYLE": "Volleyball",
        "AGE": "28",
        "BLOOD": "A",
        "START_MOTION": "e_btlst_ykz_02",
        "STARTMOTION_GLOWUP": "",
        "MOTION": "e_VOL_stand",
        "MOTION_UP": "e_VOL_combo_01",
        "MOTION_DOWN": "e_VOL_combo_02",
        "MOTION_GLOWUP": "",
        "MOTION_UP_GLOWUP": "",
        "MOTION_DOWN_GLOWUP": "",
        "ARMS1": "",
        "ARMS2": "",
        "ARMS1_GLOWUP": "",
        "ARMS2_GLOWUP": "",
        "EXPLANATION": "Questo combattente | unico nelle sue tattiche di combattimento che utilizzano tecniche di pallavolo. I suoi colpi di schiacciata distintivi gli hanno fatto guadagnare numerosi KO, e continua a combattere per rafforzare questo stile individuale.",
        "SWAY": "30",
        "SWAY_GLOWUP": "15"
    },
    "36": {
        "NAME": "Zombino Shibusawa",
        "CATCHPHRASE": "Il Maestro di Karate Recluso",
        "ATTACK": "35",
        "THROW": "30",
        "DEFENCE": "30",
        "ATTACK_GLOWUP": "30",
        "THROW_GLOWUP": "30",
        "DEFENCE_GLOWUP": "10",
        "DIFFICULTY": "1",
        "NATION": "JPN",
        "HEIGHT": "171 cm",
        "WEIGHT": "60 kg",
        "STYLE": "Karate",
        "AGE": "26",
        "BLOOD": "A",
        "START_MOTION": "e_btlst_KARATE_02",
        "STARTMOTION_GLOWUP": "",
        "MOTION": "e_KAZ_stand",
        "MOTION_UP": "e_KAZ_atk_kick",
        "MOTION_DOWN": "e_KAZ_combo_c_01",
        "MOTION_GLOWUP": "",
        "MOTION_UP_GLOWUP": "",
        "MOTION_DOWN_GLOWUP": "",
        "ARMS1": "",
        "ARMS2": "",
        "ARMS1_GLOWUP": "",
        "ARMS2_GLOWUP": "",
        "EXPLANATION": "Alcuni dicono che questo combattente abbia appreso tutte le sue abilit~ da video che ha ordinato online. Nonostante un livello di allenamento che supera tutti gli altri, la sua mancanza di esperienza reale ha portato a una serie di sconfitte.",
        "SWAY": "20",
        "SWAY_GLOWUP": "15"
    },
    "37": {
        "NAME": "Raging Joe",
        "CATCHPHRASE": "L'Avanguardia del Mondo Sotterraneo",
        "ATTACK": "40",
        "THROW": "20",
        "DEFENCE": "30",
        "ATTACK_GLOWUP": "60",
        "THROW_GLOWUP": "30",
        "DEFENCE_GLOWUP": "40",
        "DIFFICULTY": "1",
        "NATION": "JPN",
        "HEIGHT": "179 cm",
        "WEIGHT": "65 kg",
        "STYLE": "Street Fighting",
        "AGE": "19",
        "BLOOD": "B",
        "START_MOTION": "e_btlst_angry_03",
        "STARTMOTION_GLOWUP": "e_btlst_KICKB_01",
        "MOTION": "e_GOT_stand",
        "MOTION_UP": "e_GOT_combo_a_01",
        "MOTION_DOWN": "e_atk_shouldertackle_s",
        "MOTION_GLOWUP": "e_RIK_stand",
        "MOTION_UP_GLOWUP": "e_RIK_combo_a_01",
        "MOTION_DOWN_GLOWUP": "e_RIK_atk_chop",
        "ARMS1": "",
        "ARMS2": "",
        "ARMS1_GLOWUP": "",
        "ARMS2_GLOWUP": "",
        "EXPLANATION": "L'avanguardia di Underworld, una banda di motociclisti. Combatt$ come un maniaco nelle loro guerre territoriali, quindi il suo capo lo mand# al Colosseo per sfogarsi. Ma nonostante le intenzioni del capo, sembra ancora pi& pronto a fare a botte.",
        "SWAY": "25",
        "SWAY_GLOWUP": "45"
    },
    "38": {
        "NAME": "Renji Kamiyama",
        "CATCHPHRASE": "Il Maestro d'Armi",
        "ATTACK": "40",
        "THROW": "30",
        "DEFENCE": "30",
        "ATTACK_GLOWUP": "0",
        "THROW_GLOWUP": "0",
        "DEFENCE_GLOWUP": "0",
        "DIFFICULTY": "1",
        "NATION": "JPN",
        "HEIGHT": "173 cm",
        "WEIGHT": "110.4 kg",
        "STYLE": "Kali Sticks",
        "AGE": "34",
        "BLOOD": "B",
        "START_MOTION": "p_btlst_weaponX_01",
        "STARTMOTION_GLOWUP": "",
        "MOTION": "e_KMY_weaponX_stand_btl",
        "MOTION_UP": "e_KMY_weaponX_combo_01",
        "MOTION_DOWN": "e_KMY_weaponX_atk_heavy",
        "MOTION_GLOWUP": "",
        "MOTION_UP_GLOWUP": "",
        "MOTION_DOWN_GLOWUP": "",
        "ARMS1": "",
        "ARMS2": "",
        "ARMS1_GLOWUP": "",
        "ARMS2_GLOWUP": "",
        "EXPLANATION": "Gestisce un'armeria a Kamurocho. Usa movimenti incredibilmente agili mentre usa le sue armi preferite. Combatte con riluttanza al Colosseo, per ordine del maestro d'armi Shoji Yonashiro.",
        "SWAY": "20",
        "SWAY_GLOWUP": "10"
    },
    "39": {
        "NAME": "Tomahawk Mitsui",
        "CATCHPHRASE": "La Macchina Inaspettata",
        "ATTACK": "40",
        "THROW": "40",
        "DEFENCE": "30",
        "ATTACK_GLOWUP": "50",
        "THROW_GLOWUP": "50",
        "DEFENCE_GLOWUP": "40",
        "DIFFICULTY": "1",
        "NATION": "JPN",
        "HEIGHT": "190 cm",
        "WEIGHT": "110.5 kg",
        "STYLE": "Pro-Wrestling",
        "AGE": "28",
        "BLOOD": "O",
        "START_MOTION": "e_btlst_angry_06",
        "STARTMOTION_GLOWUP": "e_btlst_SMO_02",
        "MOTION": "e_MTO_stand",
        "MOTION_UP": "e_MTO_atk_rollsobat",
        "MOTION_DOWN": "e_KND_atk_heavy_punch",
        "MOTION_GLOWUP": "e_KND_stand",
        "MOTION_UP_GLOWUP": "e_KND_combo_a_01",
        "MOTION_DOWN_GLOWUP": "e_KND_atk_chop_suihei",
        "ARMS1": "",
        "ARMS2": "",
        "ARMS1_GLOWUP": "",
        "ARMS2_GLOWUP": "",
        "EXPLANATION": "Soprannominato la Macchina Inaspettata per aver vinto numerosi incontri per il titolo contro ogni previsione. Si | unito al Colosseo Sotterraneo per dimostrare che tutte le sue vittorie non erano truccate.",
        "SWAY": "20",
        "SWAY_GLOWUP": "40"
    },
    "40": {
        "NAME": "Don Carpaccio",
        "CATCHPHRASE": "Intrattenitore dall'Inferno",
        "ATTACK": "30",
        "THROW": "30",
        "DEFENCE": "20",
        "ATTACK_GLOWUP": "0",
        "THROW_GLOWUP": "0",
        "DEFENCE_GLOWUP": "0",
        "DIFFICULTY": "1",
        "NATION": "?",
        "HEIGHT": "179 cm",
        "WEIGHT": "80.6 kg",
        "STYLE": "Kickboxing",
        "AGE": "28",
        "BLOOD": "AB",
        "START_MOTION": "e_btlst_angry_03",
        "STARTMOTION_GLOWUP": "",
        "MOTION": "e_RIC_stand",
        "MOTION_UP": "e_RIC_atk_kick_jump",
        "MOTION_DOWN": "e_RIC_combo_b_01",
        "MOTION_GLOWUP": "",
        "MOTION_UP_GLOWUP": "",
        "MOTION_DOWN_GLOWUP": "",
        "ARMS1": "",
        "ARMS2": "",
        "ARMS1_GLOWUP": "",
        "ARMS2_GLOWUP": "",
        "EXPLANATION": "Le mosse appariscenti e le tattiche straordinariamente precise di questo kickboxer mandano gli avversari dritti al tappeto. Un veterano del Colosseo Sotterraneo, sa esattamente come vincere il gran premio.",
        "SWAY": "30",
        "SWAY_GLOWUP": "10"
    },
    "41": {
        "NAME": "Bruce Ebinuma",
        "CATCHPHRASE": "La Leggenda Risorta",
        "ATTACK": "40",
        "THROW": "10",
        "DEFENCE": "25",
        "ATTACK_GLOWUP": "0",
        "THROW_GLOWUP": "0",
        "DEFENCE_GLOWUP": "0",
        "DIFFICULTY": "1",
        "NATION": "JPN",
        "HEIGHT": "171 cm",
        "WEIGHT": "65 kg",
        "STYLE": "Kung Fu",
        "AGE": "?",
        "BLOOD": "O",
        "START_MOTION": "e_btlst_MUETAI_01",
        "STARTMOTION_GLOWUP": "",
        "MOTION": "e_LEE_stand",
        "MOTION_UP": "e_LEE_atk_punch",
        "MOTION_DOWN": "e_LEE_atk_kick_mid",
        "MOTION_GLOWUP": "",
        "MOTION_UP_GLOWUP": "",
        "MOTION_DOWN_GLOWUP": "",
        "ARMS1": "",
        "ARMS2": "",
        "ARMS1_GLOWUP": "",
        "ARMS2_GLOWUP": "",
        "EXPLANATION": "Le sue origini e il motivo per cui combatte sono nascosti sotto un velo di mistero. Tuttavia, le sue mosse aggraziate ti ricorderanno un certo uomo. ^ giusto dire che | la reincarnazione di una leggenda.",
        "SWAY": "35",
        "SWAY_GLOWUP": "8"
    },
    "42": {
        "NAME": "Mammoth Tatsu",
        "CATCHPHRASE": "Il Pugile dell'Anima",
        "ATTACK": "40",
        "THROW": "40",
        "DEFENCE": "20",
        "ATTACK_GLOWUP": "60",
        "THROW_GLOWUP": "40",
        "DEFENCE_GLOWUP": "40",
        "DIFFICULTY": "1",
        "NATION": "JPN",
        "HEIGHT": "169cm",
        "WEIGHT": "78.4 kg",
        "STYLE": "Street Fighting",
        "AGE": "42",
        "BLOOD": "A",
        "START_MOTION": "e_btlst_ykz_02",
        "STARTMOTION_GLOWUP": "e_btlst_BOX_01",
        "MOTION": "e_RIK_stand",
        "MOTION_UP": "e_RIK_combo_a_01",
        "MOTION_DOWN": "e_RIK_combo_b_01",
        "MOTION_GLOWUP": "e_MIN_stand",
        "MOTION_UP_GLOWUP": "e_MIN_combo_a_01",
        "MOTION_DOWN_GLOWUP": "e_MIN_atk_esc",
        "ARMS1": "",
        "ARMS2": "",
        "ARMS1_GLOWUP": "",
        "ARMS2_GLOWUP": "",
        "EXPLANATION": "Ha costruito la sua reputazione sotterranea passando tutta la sua vita a combattere, conquistando numerosi avversari con i suoi colpi pieni d'anima. Il suo stile di combattimento rimane lo stesso, affascinando i fan.",
        "SWAY": "30",
        "SWAY_GLOWUP": "45"
    },
    "43": {
        "NAME": "Grand Chef Cho",
        "CATCHPHRASE": "Il Cuoco del Mondo Sotterraneo",
        "ATTACK": "40",
        "THROW": "10",
        "DEFENCE": "20",
        "ATTACK_GLOWUP": "20",
        "THROW_GLOWUP": "20",
        "DEFENCE_GLOWUP": "5",
        "DIFFICULTY": "1",
        "NATION": "JPN",
        "HEIGHT": "178 cm",
        "WEIGHT": "74.7 kg",
        "STYLE": "Knives",
        "AGE": "40",
        "BLOOD": "B",
        "START_MOTION": "e_btlst_weaponB_01",
        "STARTMOTION_GLOWUP": "",
        "MOTION": "e_MJM_stand",
        "MOTION_UP": "e_MJM_atk_tuki",
        "MOTION_DOWN": "e_MJM_combo_a_01",
        "MOTION_GLOWUP": "",
        "MOTION_UP_GLOWUP": "",
        "MOTION_DOWN_GLOWUP": "",
        "ARMS1": "",
        "ARMS2": "",
        "ARMS1_GLOWUP": "",
        "ARMS2_GLOWUP": "",
        "EXPLANATION": "Un cuoco che ha dedicato i suoi sforzi alla sua forma di combattimento gourmet. Eccezionale con i coltelli, la sua velocit~ di taglio ha stabilito nuovi record. Ora utilizza appieno il suo stile unico al Colosseo Sotterraneo.",
        "SWAY": "25",
        "SWAY_GLOWUP": "5"
    },
    "44": {
        "NAME": "Kazuhiro",
        "CATCHPHRASE": "Re di tutti i Blogger",
        "ATTACK": "30",
        "THROW": "30",
        "DEFENCE": "30",
        "ATTACK_GLOWUP": "50",
        "THROW_GLOWUP": "50",
        "DEFENCE_GLOWUP": "40",
        "DIFFICULTY": "1",
        "NATION": "JPN",
        "HEIGHT": "168 cm",
        "WEIGHT": "58.5 kg",
        "STYLE": "Street Fighting",
        "AGE": "22",
        "BLOOD": "AB",
        "START_MOTION": "e_btlst_angry_01",
        "STARTMOTION_GLOWUP": "e_btlst_GAI_01",
        "MOTION": "e_stand",
        "MOTION_UP": "e_atk_punch",
        "MOTION_DOWN": "e_atk_kick",
        "MOTION_GLOWUP": "e_MIN_stand",
        "MOTION_UP_GLOWUP": "e_RIC_combo_a_01",
        "MOTION_DOWN_GLOWUP": "e_MIN_atk_heavy",
        "ARMS1": "",
        "ARMS2": "",
        "ARMS1_GLOWUP": "",
        "ARMS2_GLOWUP": "",
        "EXPLANATION": "Quest'uomo | andato troppo oltre sul suo blog e si | vantato di essere il miglior combattente. Ora, per dimostrare che non stava mentendo, combatte al Colosseo Sotterraneo. ^ ignaro del fatto che non pu# bloggare sui combattimenti clandestini...",
        "SWAY": "10",
        "SWAY_GLOWUP": "45"
    },
    "45": {
        "NAME": "Hideo Sugiyama",
        "CATCHPHRASE": "Il Nerd Definitivo",
        "ATTACK": "40",
        "THROW": "30",
        "DEFENCE": "30",
        "ATTACK_GLOWUP": "0",
        "THROW_GLOWUP": "0",
        "DEFENCE_GLOWUP": "0",
        "DIFFICULTY": "1",
        "NATION": "JPN",
        "HEIGHT": "183 cm",
        "WEIGHT": "73.6 kg",
        "STYLE": "Saejima Style",
        "AGE": "25",
        "BLOOD": "O",
        "START_MOTION": "e_btlst_MIN_01",
        "STARTMOTION_GLOWUP": "",
        "MOTION": "e_YUY_stand",
        "MOTION_UP": "e_YUY_combo_01",
        "MOTION_DOWN": "e_KAZ_atk_punch_heavy",
        "MOTION_GLOWUP": "",
        "MOTION_UP_GLOWUP": "",
        "MOTION_DOWN_GLOWUP": "",
        "ARMS1": "",
        "ARMS2": "",
        "ARMS1_GLOWUP": "",
        "ARMS2_GLOWUP": "",
        "EXPLANATION": "Il primo apprendista di Taiga Saejima, Sugiyama ha iniziato a combattere per conquistare una ragazza che gli piaceva. Ha fallito in amore, ma | riuscito a diventare un superbo combattente equilibrato. I suoi occhiali sono puramente per moda.",
        "SWAY": "30",
        "SWAY_GLOWUP": "30"
    },
    "46": {
        "NAME": "Takehiro Ehama",
        "CATCHPHRASE": "La Bestia Disoccupata",
        "ATTACK": "40",
        "THROW": "30",
        "DEFENCE": "30",
        "ATTACK_GLOWUP": "0",
        "THROW_GLOWUP": "0",
        "DEFENCE_GLOWUP": "0",
        "DIFFICULTY": "1",
        "NATION": "JPN",
        "HEIGHT": "178 cm",
        "WEIGHT": "80.7 kg",
        "STYLE": "Saejima Style",
        "AGE": "40",
        "BLOOD": "B",
        "START_MOTION": "e_btlst_YKZS_02",
        "STARTMOTION_GLOWUP": "",
        "MOTION": "e_MSK_stand",
        "MOTION_UP": "e_MSK_combo_b_01",
        "MOTION_DOWN": "e_MTO_atk_rollsobat",
        "MOTION_GLOWUP": "",
        "MOTION_UP_GLOWUP": "",
        "MOTION_DOWN_GLOWUP": "",
        "ARMS1": "",
        "ARMS2": "",
        "ARMS1_GLOWUP": "",
        "ARMS2_GLOWUP": "",
        "EXPLANATION": "Il secondo apprendista di Taiga Saejima, Ehama ha iniziato a combattere dopo essere stato licenziato dal lavoro. Come nota a margine, a quanto pare | stato licenziato per aver consegnato al capo un caffﾃｨ latte quando voleva un caffﾃｨ mocha.",
        "SWAY": "30",
        "SWAY_GLOWUP": "30"
    },
    "47": {
        "NAME": "Fukushi Ochiai",
        "CATCHPHRASE": "Il Divino Fukushi",
        "ATTACK": "30",
        "THROW": "30",
        "DEFENCE": "30",
        "ATTACK_GLOWUP": "0",
        "THROW_GLOWUP": "0",
        "DEFENCE_GLOWUP": "0",
        "DIFFICULTY": "1",
        "NATION": "JPN",
        "HEIGHT": "186 cm",
        "WEIGHT": "110 kg",
        "STYLE": "Own Style",
        "AGE": "22",
        "BLOOD": "O",
        "START_MOTION": "e_btlst_GAI_02",
        "STARTMOTION_GLOWUP": "",
        "MOTION": "e_KND_stand",
        "MOTION_UP": "e_combo_d_01",
        "MOTION_DOWN": "e_KND_atk_heavy_punch",
        "MOTION_GLOWUP": "",
        "MOTION_UP_GLOWUP": "",
        "MOTION_DOWN_GLOWUP": "",
        "ARMS1": "",
        "ARMS2": "",
        "ARMS1_GLOWUP": "",
        "ARMS2_GLOWUP": "",
        "EXPLANATION": "Il terzo apprendista di Taiga Saejima, a Ochiai a quanto pare piace il Sodachi Dojo, dato che usa sempre il posto per fare dei sonnellini. Nessuno al dojo se n'| accorto, ma | un famoso scrittore per una popolare rubrica di riviste.",
        "SWAY": "30",
        "SWAY_GLOWUP": "30"
    },
    "48": {
        "NAME": "Makoto Tokita",
        "CATCHPHRASE": "Il Combattente Belloccio",
        "ATTACK": "35",
        "THROW": "30",
        "DEFENCE": "30",
        "ATTACK_GLOWUP": "35",
        "THROW_GLOWUP": "30",
        "DEFENCE_GLOWUP": "10",
        "DIFFICULTY": "1",
        "NATION": "JPN",
        "HEIGHT": "179 cm",
        "WEIGHT": "65.3 kg",
        "STYLE": "Saejima Style",
        "AGE": "27",
        "BLOOD": "A",
        "START_MOTION": "e_btlst_KICKB_01",
        "STARTMOTION_GLOWUP": "",
        "MOTION": "e_KBX_stand",
        "MOTION_UP": "e_RIC_combo_b_01",
        "MOTION_DOWN": "e_IWA_atk_heavy_kick_hi",
        "MOTION_GLOWUP": "",
        "MOTION_UP_GLOWUP": "",
        "MOTION_DOWN_GLOWUP": "",
        "ARMS1": "",
        "ARMS2": "",
        "ARMS1_GLOWUP": "",
        "ARMS2_GLOWUP": "",
        "EXPLANATION": "Il quarto apprendista di Taiga Saejima. Un narcisista nato, l'hobby di Tokita | guardarsi allo specchio. La sua presunzione una volta lo port# a ignorare i sentimenti degli altri, ma Saejima ha cambiato le cose.",
        "SWAY": "30",
        "SWAY_GLOWUP": "30"
    },
    "49": {
        "NAME": "Masataka Watanabe",
        "CATCHPHRASE": "L'Ultimo Apprendista di Saejima",
        "ATTACK": "30",
        "THROW": "30",
        "DEFENCE": "30",
        "ATTACK_GLOWUP": "30",
        "THROW_GLOWUP": "30",
        "DEFENCE_GLOWUP": "10",
        "DIFFICULTY": "1",
        "NATION": "JPN",
        "HEIGHT": "180 cm",
        "WEIGHT": "120.5 kg",
        "STYLE": "Saejima Style",
        "AGE": "28",
        "BLOOD": "A",
        "START_MOTION": "e_btlst_SMO_01",
        "STARTMOTION_GLOWUP": "",
        "MOTION": "e_KND_stand",
        "MOTION_UP": "e_RIC_combo_b_01",
        "MOTION_DOWN": "e_MTO_atk_kick_miss",
        "MOTION_GLOWUP": "",
        "MOTION_UP_GLOWUP": "",
        "MOTION_DOWN_GLOWUP": "",
        "ARMS1": "",
        "ARMS2": "",
        "ARMS1_GLOWUP": "",
        "ARMS2_GLOWUP": "",
        "EXPLANATION": "L'ultimo apprendista di Taiga Saejima, un giovane dal cuore gentile. Essere chiamato grasso una volta fece s* che Watanabe evitasse di aprirsi agli altri, ma l'allenamento lo ha trasformato. Gli piace il t| oolong e ne beve circa cinque litri al giorno.",
        "SWAY": "30",
        "SWAY_GLOWUP": "30"
    },
    "50": {
        "NAME": "Fredrick Blacks",
        "CATCHPHRASE": "tag",
        "ATTACK": "40",
        "THROW": "30",
        "DEFENCE": "40",
        "ATTACK_GLOWUP": "30",
        "THROW_GLOWUP": "30",
        "DEFENCE_GLOWUP": "10",
        "DIFFICULTY": "1",
        "NATION": "JPN",
        "HEIGHT": "169 cm",
        "WEIGHT": "63.2 kg",
        "STYLE": "MMA",
        "AGE": "23",
        "BLOOD": "A",
        "START_MOTION": "e_btlst_angry_06",
        "STARTMOTION_GLOWUP": "e_btlst_angry_02",
        "MOTION": "e_stand",
        "MOTION_UP": "e_atk_punch",
        "MOTION_DOWN": "e_atk_kick",
        "MOTION_GLOWUP": "e_MIN_stand",
        "MOTION_UP_GLOWUP": "e_MIN_combo_b_01",
        "MOTION_DOWN_GLOWUP": "e_MIN_atk_heavy",
        "ARMS1": "",
        "ARMS2": "",
        "ARMS1_GLOWUP": "",
        "ARMS2_GLOWUP": "",
        "EXPLANATION": "Insuperabile nel circuito di kickboxing, non | stato in grado di mostrare il suo vero potenziale. Questo lo ha portato al Colosseo Sotterraneo, alla ricerca di un avversario degno.",
        "SWAY": "40",
        "SWAY_GLOWUP": "30"
    },
    "51": {
        "NAME": "Lionel Klinsmann",
        "CATCHPHRASE": "tag",
        "ATTACK": "40",
        "THROW": "30",
        "DEFENCE": "30",
        "ATTACK_GLOWUP": "30",
        "THROW_GLOWUP": "30",
        "DEFENCE_GLOWUP": "10",
        "DIFFICULTY": "1",
        "NATION": "JPN",
        "HEIGHT": "169 cm",
        "WEIGHT": "63.2 kg",
        "STYLE": "Boxing",
        "AGE": "23",
        "BLOOD": "A",
        "START_MOTION": "e_btlst_angry_03",
        "STARTMOTION_GLOWUP": "e_btlst_angry_02",
        "MOTION": "e_stand",
        "MOTION_UP": "e_atk_punch",
        "MOTION_DOWN": "e_atk_kick",
        "MOTION_GLOWUP": "e_MIN_stand",
        "MOTION_UP_GLOWUP": "e_MIN_combo_b_01",
        "MOTION_DOWN_GLOWUP": "e_MIN_atk_heavy",
        "ARMS1": "",
        "ARMS2": "",
        "ARMS1_GLOWUP": "",
        "ARMS2_GLOWUP": "",
        "EXPLANATION": "Espulso dal circuito di boxe del suo paese per gioco d'azzardo, | arrivato al Colosseo Sotterraneo in cerca di un combattimento. ^ noto per il suo agile gioco di gambe e la sua dura potenza di pugno.",
        "SWAY": "35",
        "SWAY_GLOWUP": "30"
    },
    "52": {
        "NAME": "Kyosuke Muguruma",
        "CATCHPHRASE": "tag",
        "ATTACK": "30",
        "THROW": "30",
        "DEFENCE": "20",
        "ATTACK_GLOWUP": "30",
        "THROW_GLOWUP": "30",
        "DEFENCE_GLOWUP": "10",
        "DIFFICULTY": "1",
        "NATION": "JPN",
        "HEIGHT": "169 cm",
        "WEIGHT": "63.2 kg",
        "STYLE": "Karate",
        "AGE": "23",
        "BLOOD": "A",
        "START_MOTION": "e_btlst_KARATE_02",
        "STARTMOTION_GLOWUP": "e_btlst_angry_02",
        "MOTION": "e_stand",
        "MOTION_UP": "e_atk_punch",
        "MOTION_DOWN": "e_atk_kick",
        "MOTION_GLOWUP": "e_MIN_stand",
        "MOTION_UP_GLOWUP": "e_MIN_combo_b_01",
        "MOTION_DOWN_GLOWUP": "e_MIN_atk_heavy",
        "ARMS1": "",
        "ARMS2": "",
        "ARMS1_GLOWUP": "",
        "ARMS2_GLOWUP": "",
        "EXPLANATION": "Nonostante la sua solida reputazione di gran maestro, ha lasciato il suo rispettato dojo di karate alla ricerca della forza. Si | unito al Colosseo Sotterraneo, abbandonando il suo grado, onore e cintura nera.",
        "SWAY": "30",
        "SWAY_GLOWUP": "30"
    },
    "53": {
        "NAME": "Antonio Vaquero",
        "CATCHPHRASE": "tag",
        "ATTACK": "35",
        "THROW": "30",
        "DEFENCE": "20",
        "ATTACK_GLOWUP": "30",
        "THROW_GLOWUP": "30",
        "DEFENCE_GLOWUP": "10",
        "DIFFICULTY": "1",
        "NATION": "JPN",
        "HEIGHT": "169 cm",
        "WEIGHT": "63.2 kg",
        "STYLE": "Kickboxing",
        "AGE": "23",
        "BLOOD": "A",
        "START_MOTION": "e_btlst_BOX_01",
        "STARTMOTION_GLOWUP": "e_btlst_angry_02",
        "MOTION": "e_stand",
        "MOTION_UP": "e_atk_punch",
        "MOTION_DOWN": "e_atk_kick",
        "MOTION_GLOWUP": "e_MIN_stand",
        "MOTION_UP_GLOWUP": "e_MIN_combo_b_01",
        "MOTION_DOWN_GLOWUP": "e_MIN_atk_heavy",
        "ARMS1": "",
        "ARMS2": "",
        "ARMS1_GLOWUP": "",
        "ARMS2_GLOWUP": "",
        "EXPLANATION": "Un pugile tecnico che elude agilmente gli attacchi proprio come un torero. ^ venuto dalla Spagna dopo aver sentito parlare di un torneo in cui competono solo i combattenti pi& forti.",
        "SWAY": "35",
        "SWAY_GLOWUP": "30"
    },
    "54": {
        "NAME": "Scorpio Kito",
        "CATCHPHRASE": "tag",
        "ATTACK": "30",
        "THROW": "30",
        "DEFENCE": "15",
        "ATTACK_GLOWUP": "30",
        "THROW_GLOWUP": "30",
        "DEFENCE_GLOWUP": "10",
        "DIFFICULTY": "1",
        "NATION": "JPN",
        "HEIGHT": "169 cm",
        "WEIGHT": "63.2 kg",
        "STYLE": "Kickboxing",
        "AGE": "23",
        "BLOOD": "A",
        "START_MOTION": "e_btlst_angry_02",
        "STARTMOTION_GLOWUP": "e_btlst_angry_02",
        "MOTION": "e_stand",
        "MOTION_UP": "e_atk_punch",
        "MOTION_DOWN": "e_atk_kick",
        "MOTION_GLOWUP": "e_MIN_stand",
        "MOTION_UP_GLOWUP": "e_MIN_combo_b_01",
        "MOTION_DOWN_GLOWUP": "e_MIN_atk_heavy",
        "ARMS1": "",
        "ARMS2": "",
        "ARMS1_GLOWUP": "",
        "ARMS2_GLOWUP": "",
        "EXPLANATION": "Il suo calcio al ginocchio letale domina il circuito di kickboxing giapponese. ^ diventato il pi& giovane a battere numerosi record di combattimento. I combattimenti ufficiali non gli bastavano, quindi ora gareggia nel Colosseo Sotterraneo.",
        "SWAY": "30",
        "SWAY_GLOWUP": "30"
    },
    "55": {
        "NAME": "Seiji Higuchi",
        "CATCHPHRASE": "tag",
        "ATTACK": "30",
        "THROW": "30",
        "DEFENCE": "10",
        "ATTACK_GLOWUP": "30",
        "THROW_GLOWUP": "30",
        "DEFENCE_GLOWUP": "10",
        "DIFFICULTY": "1",
        "NATION": "JPN",
        "HEIGHT": "169 cm",
        "WEIGHT": "63.2 kg",
        "STYLE": "Street Fighting",
        "AGE": "23",
        "BLOOD": "A",
        "START_MOTION": "e_btlst_GAI_01",
        "STARTMOTION_GLOWUP": "e_btlst_angry_02",
        "MOTION": "e_stand",
        "MOTION_UP": "e_atk_punch",
        "MOTION_DOWN": "e_atk_kick",
        "MOTION_GLOWUP": "e_MIN_stand",
        "MOTION_UP_GLOWUP": "e_MIN_combo_b_01",
        "MOTION_DOWN_GLOWUP": "e_MIN_atk_heavy",
        "ARMS1": "",
        "ARMS2": "",
        "ARMS1_GLOWUP": "",
        "ARMS2_GLOWUP": "",
        "EXPLANATION": "Capo di una banda di motociclisti con sede a Kamurocho. Si | guadagnato la sua posizione vincendo un gran numero di combattimenti. Combatte in incontri di tag team con il suo amico Shogo Usui per diffondere il nome della sua banda di motociclisti.",
        "SWAY": "30",
        "SWAY_GLOWUP": "30"
    },
    "56": {
        "NAME": "Shogo Usui",
        "CATCHPHRASE": "tag",
        "ATTACK": "30",
        "THROW": "30",
        "DEFENCE": "10",
        "ATTACK_GLOWUP": "30",
        "THROW_GLOWUP": "30",
        "DEFENCE_GLOWUP": "10",
        "DIFFICULTY": "1",
        "NATION": "JPN",
        "HEIGHT": "169 cm",
        "WEIGHT": "63.2 kg",
        "STYLE": "Street Fighting",
        "AGE": "23",
        "BLOOD": "A",
        "START_MOTION": "e_btlst_GAI_02",
        "STARTMOTION_GLOWUP": "e_btlst_angry_02",
        "MOTION": "e_stand",
        "MOTION_UP": "e_atk_punch",
        "MOTION_DOWN": "e_atk_kick",
        "MOTION_GLOWUP": "e_MIN_stand",
        "MOTION_UP_GLOWUP": "e_MIN_combo_b_01",
        "MOTION_DOWN_GLOWUP": "e_MIN_atk_heavy",
        "ARMS1": "",
        "ARMS2": "",
        "ARMS1_GLOWUP": "",
        "ARMS2_GLOWUP": "",
        "EXPLANATION": "Leader di un gruppo di teppisti con sede a Kamurocho. La sua dimostrazione di forza durante le partite ha attirato numerosi nuovi membri. Combatte con il suo vecchio amico Seiji Higuchi in incontri di tag team.",
        "SWAY": "30",
        "SWAY_GLOWUP": "30"
    },
    "57": {
        "NAME": "Yi-san",
        "CATCHPHRASE": "tag",
        "ATTACK": "30",
        "THROW": "30",
        "DEFENCE": "10",
        "ATTACK_GLOWUP": "30",
        "THROW_GLOWUP": "30",
        "DEFENCE_GLOWUP": "10",
        "DIFFICULTY": "1",
        "NATION": "JPN",
        "HEIGHT": "169 cm",
        "WEIGHT": "63.2 kg",
        "STYLE": "Kung Fu",
        "AGE": "23",
        "BLOOD": "A",
        "START_MOTION": "e_btlst_angry_03",
        "STARTMOTION_GLOWUP": "e_btlst_angry_02",
        "MOTION": "e_stand",
        "MOTION_UP": "e_atk_punch",
        "MOTION_DOWN": "e_atk_kick",
        "MOTION_GLOWUP": "e_MIN_stand",
        "MOTION_UP_GLOWUP": "e_MIN_combo_b_01",
        "MOTION_DOWN_GLOWUP": "e_MIN_atk_heavy",
        "ARMS1": "",
        "ARMS2": "",
        "ARMS1_GLOWUP": "",
        "ARMS2_GLOWUP": "",
        "EXPLANATION": "Un esperto di kung fu insieme al suo partner, Er-san. Le sue magnifiche tecniche eseguite da una postura unica di kung fu sono impareggiabili in grazia. Il combattimento al Colosseo fa parte del suo allenamento atletico.",
        "SWAY": "30",
        "SWAY_GLOWUP": "30"
    },
    "58": {
        "NAME": "Er-san",
        "CATCHPHRASE": "tag",
        "ATTACK": "30",
        "THROW": "30",
        "DEFENCE": "10",
        "ATTACK_GLOWUP": "30",
        "THROW_GLOWUP": "30",
        "DEFENCE_GLOWUP": "10",
        "DIFFICULTY": "1",
        "NATION": "JPN",
        "HEIGHT": "169 cm",
        "WEIGHT": "63.2 kg",
        "STYLE": "Kung Fu",
        "AGE": "23",
        "BLOOD": "A",
        "START_MOTION": "e_btlst_angry_02",
        "STARTMOTION_GLOWUP": "e_btlst_angry_02",
        "MOTION": "e_stand",
        "MOTION_UP": "e_atk_punch",
        "MOTION_DOWN": "e_atk_kick",
        "MOTION_GLOWUP": "e_MIN_stand",
        "MOTION_UP_GLOWUP": "e_MIN_combo_b_01",
        "MOTION_DOWN_GLOWUP": "e_MIN_atk_heavy",
        "ARMS1": "",
        "ARMS2": "",
        "ARMS1_GLOWUP": "",
        "ARMS2_GLOWUP": "",
        "EXPLANATION": "Un esperto di kung fu insieme al suo partner, Yi-san. ^ gentile e rispettato, ma spietato contro gli avversari una volta sul ring. Il combattimento al Colosseo fa parte del suo allenamento atletico.",
        "SWAY": "30",
        "SWAY_GLOWUP": "30"
    },
    "59": {
        "NAME": "Justin Woods",
        "CATCHPHRASE": "tag",
        "ATTACK": "30",
        "THROW": "30",
        "DEFENCE": "10",
        "ATTACK_GLOWUP": "30",
        "THROW_GLOWUP": "30",
        "DEFENCE_GLOWUP": "10",
        "DIFFICULTY": "1",
        "NATION": "JPN",
        "HEIGHT": "169 cm",
        "WEIGHT": "63.2 kg",
        "STYLE": "Street Fighting",
        "AGE": "23",
        "BLOOD": "A",
        "START_MOTION": "e_btlst_angry_04",
        "STARTMOTION_GLOWUP": "e_btlst_angry_02",
        "MOTION": "e_stand",
        "MOTION_UP": "e_atk_punch",
        "MOTION_DOWN": "e_atk_kick",
        "MOTION_GLOWUP": "e_MIN_stand",
        "MOTION_UP_GLOWUP": "e_MIN_combo_b_01",
        "MOTION_DOWN_GLOWUP": "e_MIN_atk_heavy",
        "ARMS1": "",
        "ARMS2": "",
        "ARMS1_GLOWUP": "",
        "ARMS2_GLOWUP": "",
        "EXPLANATION": "Un pugile che domina lo sport con le sue feroci raffiche di pugni. La sua forza ineguagliabile gli ha fatto guadagnare numerose cinture di titolo. Combatte in incontri di tag team con Dong-Joo Park.",
        "SWAY": "30",
        "SWAY_GLOWUP": "30"
    },
    "60": {
        "NAME": "Dong-Joo Park",
        "CATCHPHRASE": "tag",
        "ATTACK": "30",
        "THROW": "30",
        "DEFENCE": "10",
        "ATTACK_GLOWUP": "30",
        "THROW_GLOWUP": "30",
        "DEFENCE_GLOWUP": "10",
        "DIFFICULTY": "1",
        "NATION": "JPN",
        "HEIGHT": "169 cm",
        "WEIGHT": "63.2 kg",
        "STYLE": "Street Fighting",
        "AGE": "23",
        "BLOOD": "A",
        "START_MOTION": "e_btlst_angry_03",
        "STARTMOTION_GLOWUP": "e_btlst_angry_02",
        "MOTION": "e_stand",
        "MOTION_UP": "e_atk_punch",
        "MOTION_DOWN": "e_atk_kick",
        "MOTION_GLOWUP": "e_MIN_stand",
        "MOTION_UP_GLOWUP": "e_MIN_combo_b_01",
        "MOTION_DOWN_GLOWUP": "e_MIN_atk_heavy",
        "ARMS1": "",
        "ARMS2": "",
        "ARMS1_GLOWUP": "",
        "ARMS2_GLOWUP": "",
        "EXPLANATION": "Un sicario molto rispettato per la mafia coreana clandestina. Si dice che non rimanga nemmeno un granello di polvere dopo che ha finito. Combatte per rafforzare la reputazione della Corea nel mondo sotterraneo.",
        "SWAY": "30",
        "SWAY_GLOWUP": "30"
    },
    "61": {
        "NAME": "Gunji Tachibana",
        "CATCHPHRASE": "tag",
        "ATTACK": "30",
        "THROW": "30",
        "DEFENCE": "10",
        "ATTACK_GLOWUP": "30",
        "THROW_GLOWUP": "30",
        "DEFENCE_GLOWUP": "10",
        "DIFFICULTY": "1",
        "NATION": "JPN",
        "HEIGHT": "169 cm",
        "WEIGHT": "63.2 kg",
        "STYLE": "Street Fighting",
        "AGE": "23",
        "BLOOD": "A",
        "START_MOTION": "e_btlst_angry_04",
        "STARTMOTION_GLOWUP": "e_btlst_angry_02",
        "MOTION": "e_stand",
        "MOTION_UP": "e_atk_punch",
        "MOTION_DOWN": "e_atk_kick",
        "MOTION_GLOWUP": "e_MIN_stand",
        "MOTION_UP_GLOWUP": "e_MIN_combo_b_01",
        "MOTION_DOWN_GLOWUP": "e_MIN_atk_heavy",
        "ARMS1": "",
        "ARMS2": "",
        "ARMS1_GLOWUP": "",
        "ARMS2_GLOWUP": "",
        "EXPLANATION": "Non riuscendo a trovare un lavoro tradizionale, | diventato un combattente di strada. Ma quando ha sentito parlare del Colosseo, ha deciso di unirsi. Anche se non ha esperienza professionale, le sue capacit~ parlano da sole. La prossima stella nascente.",
        "SWAY": "30",
        "SWAY_GLOWUP": "30"
    },
    "62": {
        "NAME": "Keisuke Uematsu",
        "CATCHPHRASE": "tag",
        "ATTACK": "30",
        "THROW": "30",
        "DEFENCE": "10",
        "ATTACK_GLOWUP": "30",
        "THROW_GLOWUP": "30",
        "DEFENCE_GLOWUP": "10",
        "DIFFICULTY": "1",
        "NATION": "JPN",
        "HEIGHT": "169 cm",
        "WEIGHT": "63.2 kg",
        "STYLE": "Street Fighting",
        "AGE": "23",
        "BLOOD": "A",
        "START_MOTION": "e_btlst_angry_02",
        "STARTMOTION_GLOWUP": "e_btlst_angry_02",
        "MOTION": "e_stand",
        "MOTION_UP": "e_atk_punch",
        "MOTION_DOWN": "e_atk_kick",
        "MOTION_GLOWUP": "e_MIN_stand",
        "MOTION_UP_GLOWUP": "e_MIN_combo_b_01",
        "MOTION_DOWN_GLOWUP": "e_MIN_atk_heavy",
        "ARMS1": "",
        "ARMS2": "",
        "ARMS1_GLOWUP": "",
        "ARMS2_GLOWUP": "",
        "EXPLANATION": "Un nuovo combattente impavido che non ha mai perso un combattimento. Si | unito al Colosseo Sotterraneo per guadagnare pi& soldi. Il suo stile rozzo ha ancora bisogno di lavoro, ma il suo spirito e il suo coraggio sono al top.",
        "SWAY": "30",
        "SWAY_GLOWUP": "30"
    },
    "63": {
        "NAME": "Ginjiro Izaka",
        "CATCHPHRASE": "tag",
        "ATTACK": "30",
        "THROW": "30",
        "DEFENCE": "10",
        "ATTACK_GLOWUP": "30",
        "THROW_GLOWUP": "30",
        "DEFENCE_GLOWUP": "10",
        "DIFFICULTY": "1",
        "NATION": "JPN",
        "HEIGHT": "170 cm",
        "WEIGHT": "63.3 kg",
        "STYLE": "Boxing",
        "AGE": "24",
        "BLOOD": "A",
        "START_MOTION": "e_btlst_angry_01",
        "STARTMOTION_GLOWUP": "e_btlst_angry_02",
        "MOTION": "e_stand",
        "MOTION_UP": "e_atk_punch",
        "MOTION_DOWN": "e_atk_kick",
        "MOTION_GLOWUP": "e_MIN_stand",
        "MOTION_UP_GLOWUP": "e_MIN_combo_b_02",
        "MOTION_DOWN_GLOWUP": "e_MIN_atk_heavy",
        "ARMS1": "",
        "ARMS2": "",
        "ARMS1_GLOWUP": "",
        "ARMS2_GLOWUP": "",
        "EXPLANATION": "Un pugile di talento dai capelli argentati con una combo super veloce. Insoddisfatto del montepremi della boxe, ha deciso di combattere al Colosseo Sotterraneo per provare a vincere la sua immensa borsa di combattimento.",
        "SWAY": "30",
        "SWAY_GLOWUP": "30"
    },
    "64": {
        "NAME": "??????",
        "CATCHPHRASE": "???",
        "ATTACK": "",
        "THROW": "",
        "DEFENCE": "",
        "ATTACK_GLOWUP": "",
        "THROW_GLOWUP": "",
        "DEFENCE_GLOWUP": "",
        "DIFFICULTY": "",
        "NATION": "",
        "HEIGHT": "",
        "WEIGHT": "",
        "STYLE": "",
        "AGE": "",
        "BLOOD": "",
        "START_MOTION": "",
        "STARTMOTION_GLOWUP": "",
        "MOTION": "e_stand",
        "MOTION_UP": "e_atk_punch",
        "MOTION_DOWN": "e_atk_kick",
        "MOTION_GLOWUP": "",
        "MOTION_UP_GLOWUP": "",
        "MOTION_DOWN_GLOWUP": "",
        "ARMS1": "",
        "ARMS2": "",
        "ARMS1_GLOWUP": "",
        "ARMS2_GLOWUP": "",
        "EXPLANATION": "???",
        "SWAY": "",
        "SWAY_GLOWUP": ""
    },
    "types": {
        "NAME": "string",
        "CATCHPHRASE": "string",
        "ATTACK": "value",
        "THROW": "value",
        "DEFENCE": "value",
        "ATTACK_GLOWUP": "value",
        "THROW_GLOWUP": "value",
        "DEFENCE_GLOWUP": "value",
        "DIFFICULTY": "value",
        "NATION": "string",
        "HEIGHT": "string",
        "WEIGHT": "string",
        "STYLE": "string",
        "AGE": "string",
        "BLOOD": "string",
        "START_MOTION": "string_tbl",
        "STARTMOTION_GLOWUP": "string_tbl",
        "MOTION": "string_tbl",
        "MOTION_UP": "string_tbl",
        "MOTION_DOWN": "string_tbl",
        "MOTION_GLOWUP": "string_tbl",
        "MOTION_UP_GLOWUP": "string_tbl",
        "MOTION_DOWN_GLOWUP": "string_tbl",
        "ARMS1": "string_tbl",
        "ARMS2": "string_tbl",
        "ARMS1_GLOWUP": "string_tbl",
        "ARMS2_GLOWUP": "string_tbl",
        "EXPLANATION": "string",
        "SWAY": "value",
        "SWAY_GLOWUP": "value"
    }
}