{
  "0": {
    "NAME": "Yoshitaka Mine",
    "CATCHPHRASE": "L'Imprenditore Solitario",
    "NEAR_ATTACK": "50",
    "THROW_ATTACK": "30",
    "DEFENCE": "15",
    "DIFFICULTY": "1",
    "NATION": "JPN",
    "HEIGHT": "185 cm",
    "WEIGHT": "80 kg",
    "STYLE": "MMA",
    "AGE": "33",
    "BLOOD": "A",
    "START_MOTION": "e_btlst_MIN_01",
    "MOTION": "e_stand",
    "MOTION_UP": "e_atk_punch",
    "MOTION_DOWN": "e_atk_kick",
    "MOTION_GLOWUP": "",
    "MOTION_UP_GLOWUP": "",
    "MOTION_DOWN_GLOWUP": "",
    "ARMS1": "",
    "ARMS2": "",
    "ARMS1_GLOWUP": "",
    "ARMS2_GLOWUP": "",
    "EXPLANATION": "nessuno"
  },
  "1": {
    "NAME": "Tsuyoshi Kanda",
    "CATCHPHRASE": "Il Toro Scatenato di Tojo",
    "NEAR_ATTACK": "65",
    "THROW_ATTACK": "40",
    "DEFENCE": "25",
    "DIFFICULTY": "1",
    "NATION": "JPN",
    "HEIGHT": "180 cm",
    "WEIGHT": "125 kg",
    "STYLE": "Combattimento di Strada",
    "AGE": "49",
    "BLOOD": "B",
    "START_MOTION": "e_btlst_angry_06",
    "MOTION": "e_stand",
    "MOTION_UP": "e_atk_punch",
    "MOTION_DOWN": "e_atk_kick",
    "MOTION_GLOWUP": "",
    "MOTION_UP_GLOWUP": "",
    "MOTION_DOWN_GLOWUP": "",
    "ARMS1": "",
    "ARMS2": "",
    "ARMS1_GLOWUP": "",
    "ARMS2_GLOWUP": "",
    "EXPLANATION": "nessuno"
  },
  "2": {
    "NAME": "Joji Kazama",
    "CATCHPHRASE": "Il Fuggitivo Giusto",
    "NEAR_ATTACK": "45",
    "THROW_ATTACK": "30",
    "DEFENCE": "10",
    "DIFFICULTY": "1",
    "NATION": "JPN",
    "HEIGHT": "178 cm",
    "WEIGHT": "79 kg",
    "STYLE": "Karate",
    "AGE": "60",
    "BLOOD": "B",
    "START_MOTION": "e_btlst_KAZ_01",
    "MOTION": "e_stand",
    "MOTION_UP": "e_atk_punch",
    "MOTION_DOWN": "e_atk_kick",
    "MOTION_GLOWUP": "",
    "MOTION_UP_GLOWUP": "",
    "MOTION_DOWN_GLOWUP": "",
    "ARMS1": "",
    "ARMS2": "",
    "ARMS1_GLOWUP": "",
    "ARMS2_GLOWUP": "",
    "EXPLANATION": "nessuno"
  },
  "3": {
    "NAME": "Lau Ka Long",
    "CATCHPHRASE": "Capo del Fiore di Serpente",
    "NEAR_ATTACK": "50",
    "THROW_ATTACK": "30",
    "DEFENCE": "10",
    "DIFFICULTY": "1",
    "NATION": "CHN",
    "HEIGHT": "183 cm",
    "WEIGHT": "79 kg",
    "STYLE": "Kung Fu",
    "AGE": "50",
    "BLOOD": "AB",
    "START_MOTION": "e_btlst_weaponI_01",
    "MOTION": "e_stand",
    "MOTION_UP": "e_atk_punch",
    "MOTION_DOWN": "e_atk_kick",
    "MOTION_GLOWUP": "",
    "MOTION_UP_GLOWUP": "",
    "MOTION_DOWN_GLOWUP": "",
    "ARMS1": "",
    "ARMS2": "",
    "ARMS1_GLOWUP": "",
    "ARMS2_GLOWUP": "",
    "EXPLANATION": ""
  },
  "4": {
    "NAME": "Tetsuo Tamashiro",
    "CATCHPHRASE": "L'Assassino di Ryukyu",
    "NEAR_ATTACK": "50",
    "THROW_ATTACK": "30",
    "DEFENCE": "10",
    "DIFFICULTY": "1",
    "NATION": "JPN",
    "HEIGHT": "182 cm",
    "WEIGHT": "74 kg",
    "STYLE": "Combattimento di Strada",
    "AGE": "54",
    "BLOOD": "A",
    "START_MOTION": "e_btlst_TAM_weaponR_01",
    "MOTION": "e_stand",
    "MOTION_UP": "e_atk_punch",
    "MOTION_DOWN": "e_atk_kick",
    "MOTION_GLOWUP": "",
    "MOTION_UP_GLOWUP": "",
    "MOTION_DOWN_GLOWUP": "",
    "ARMS1": "",
    "ARMS2": "",
    "ARMS1_GLOWUP": "",
    "ARMS2_GLOWUP": "",
    "EXPLANATION": "nessuno"
  },
  "5": {
    "NAME": "Richardson",
    "CATCHPHRASE": "Leggendario Trafficante d'Armi",
    "NEAR_ATTACK": "65",
    "THROW_ATTACK": "30",
    "DEFENCE": "20",
    "DIFFICULTY": "1",
    "NATION": "USA",
    "HEIGHT": "196 cm",
    "WEIGHT": "89 kg",
    "STYLE": "Armi da Fuoco",
    "AGE": "51",
    "BLOOD": "A",
    "START_MOTION": "e_btlst_RIC_weaponK_01",
    "MOTION": "e_stand",
    "MOTION_UP": "e_atk_punch",
    "MOTION_DOWN": "e_atk_kick",
    "MOTION_GLOWUP": "",
    "MOTION_UP_GLOWUP": "",
    "MOTION_DOWN_GLOWUP": "",
    "ARMS1": "",
    "ARMS2": "",
    "ARMS1_GLOWUP": "",
    "ARMS2_GLOWUP": "",
    "EXPLANATION": "nessuno"
  },
  "6": {
    "NAME": "Goro Majima",
    "CATCHPHRASE": "Il Cane Pazzo di Shimano",
    "NEAR_ATTACK": "50",
    "THROW_ATTACK": "30",
    "DEFENCE": "15",
    "DIFFICULTY": "1",
    "NATION": "JPN",
    "HEIGHT": "186 cm",
    "WEIGHT": "80 kg",
    "STYLE": "Combattimento di Strada",
    "AGE": "44",
    "BLOOD": "AB",
    "START_MOTION": "e_btlst_MJM_07",
    "MOTION": "e_stand",
    "MOTION_UP": "e_atk_punch",
    "MOTION_DOWN": "e_atk_kick",
    "MOTION_GLOWUP": "",
    "MOTION_UP_GLOWUP": "",
    "MOTION_DOWN_GLOWUP": "",
    "ARMS1": "",
    "ARMS2": "",
    "ARMS1_GLOWUP": "",
    "ARMS2_GLOWUP": "",
    "EXPLANATION": "nessuno"
  },
  "7": {
    "NAME": "Rikiya Shimabukuro",
    "CATCHPHRASE": "La Vipera Combattente",
    "NEAR_ATTACK": "60",
    "THROW_ATTACK": "30",
    "DEFENCE": "20",
    "DIFFICULTY": "1",
    "NATION": "JPN",
    "HEIGHT": "177 cm",
    "WEIGHT": "76 kg",
    "STYLE": "Combattimento di Strada",
    "AGE": "25",
    "BLOOD": "B",
    "START_MOTION": "e_btlst_RIK_01",
    "MOTION": "e_stand",
    "MOTION_UP": "e_atk_punch",
    "MOTION_DOWN": "e_atk_kick",
    "MOTION_GLOWUP": "",
    "MOTION_UP_GLOWUP": "",
    "MOTION_DOWN_GLOWUP": "",
    "ARMS1": "",
    "ARMS2": "",
    "ARMS1_GLOWUP": "",
    "ARMS2_GLOWUP": "",
    "EXPLANATION": "nessuno"
  },
  "8": {
    "NAME": "Goh Hamazaki",
    "CATCHPHRASE": "Imperatore di Hama",
    "NEAR_ATTACK": "55",
    "THROW_ATTACK": "50",
    "DEFENCE": "25",
    "DIFFICULTY": "1",
    "NATION": "JPN",
    "HEIGHT": "193 cm",
    "WEIGHT": "99 kg",
    "STYLE": "Combattimento di Strada",
    "AGE": "50",
    "BLOOD": "O",
    "START_MOTION": "e_btlst_angry_01",
    "MOTION": "e_stand",
    "MOTION_UP": "e_atk_punch",
    "MOTION_DOWN": "e_atk_kick",
    "MOTION_GLOWUP": "",
    "MOTION_UP_GLOWUP": "",
    "MOTION_DOWN_GLOWUP": "",
    "ARMS1": "",
    "ARMS2": "",
    "ARMS1_GLOWUP": "",
    "ARMS2_GLOWUP": "",
    "EXPLANATION": "nessuno"
  },
  "9": {
    "NAME": "Hasebe",
    "CATCHPHRASE": "nessuno",
    "NEAR_ATTACK": "30",
    "THROW_ATTACK": "30",
    "DEFENCE": "5",
    "DIFFICULTY": "1",
    "NATION": "JPN",
    "HEIGHT": "10 cm",
    "WEIGHT": "10 kg",
    "STYLE": "nessuno",
    "AGE": "10",
    "BLOOD": "A",
    "START_MOTION": "e_btlst_YKZS_01",
    "MOTION": "e_stand",
    "MOTION_UP": "e_atk_punch",
    "MOTION_DOWN": "e_atk_kick",
    "MOTION_GLOWUP": "",
    "MOTION_UP_GLOWUP": "",
    "MOTION_DOWN_GLOWUP": "",
    "ARMS1": "",
    "ARMS2": "",
    "ARMS1_GLOWUP": "",
    "ARMS2_GLOWUP": "",
    "EXPLANATION": "nessuno"
  },
  "10": {
    "NAME": "Mikio",
    "CATCHPHRASE": "nessuno",
    "NEAR_ATTACK": "30",
    "THROW_ATTACK": "30",
    "DEFENCE": "5",
    "DIFFICULTY": "1",
    "NATION": "JPN",
    "HEIGHT": "11 cm",
    "WEIGHT": "11 kg",
    "STYLE": "nessuno",
    "AGE": "11",
    "BLOOD": "A",
    "START_MOTION": "e_btlst_angry_01",
    "MOTION": "e_stand",
    "MOTION_UP": "e_atk_punch",
    "MOTION_DOWN": "e_atk_kick",
    "MOTION_GLOWUP": "",
    "MOTION_UP_GLOWUP": "",
    "MOTION_DOWN_GLOWUP": "",
    "ARMS1": "",
    "ARMS2": "",
    "ARMS1_GLOWUP": "",
    "ARMS2_GLOWUP": "",
    "EXPLANATION": "nessuno"
  },
  "11": {
    "NAME": "Kazuki",
    "CATCHPHRASE": "nessuno",
    "NEAR_ATTACK": "30",
    "THROW_ATTACK": "30",
    "DEFENCE": "5",
    "DIFFICULTY": "1",
    "NATION": "JPN",
    "HEIGHT": "12 cm",
    "WEIGHT": "12 kg",
    "STYLE": "nessuno",
    "AGE": "12",
    "BLOOD": "A",
    "START_MOTION": "e_btlst_BOX_01",
    "MOTION": "e_stand",
    "MOTION_UP": "e_atk_punch",
    "MOTION_DOWN": "e_atk_kick",
    "MOTION_GLOWUP": "",
    "MOTION_UP_GLOWUP": "",
    "MOTION_DOWN_GLOWUP": "",
    "ARMS1": "",
    "ARMS2": "",
    "ARMS1_GLOWUP": "",
    "ARMS2_GLOWUP": "",
    "EXPLANATION": "nessuno"
  },
  "12": {
    "NAME": "Yuya",
    "CATCHPHRASE": "nessuno",
    "NEAR_ATTACK": "30",
    "THROW_ATTACK": "30",
    "DEFENCE": "5",
    "DIFFICULTY": "1",
    "NATION": "JPN",
    "HEIGHT": "13 cm",
    "WEIGHT": "13 kg",
    "STYLE": "nessuno",
    "AGE": "13",
    "BLOOD": "A",
    "START_MOTION": "e_btlst_JYU_01",
    "MOTION": "e_stand",
    "MOTION_UP": "e_atk_punch",
    "MOTION_DOWN": "e_atk_kick",
    "MOTION_GLOWUP": "",
    "MOTION_UP_GLOWUP": "",
    "MOTION_DOWN_GLOWUP": "",
    "ARMS1": "",
    "ARMS2": "",
    "ARMS1_GLOWUP": "",
    "ARMS2_GLOWUP": "",
    "EXPLANATION": "nessuno"
  },
  "13": {
    "NAME": "Sotaro Komaki",
    "CATCHPHRASE": "nessuno",
    "NEAR_ATTACK": "30",
    "THROW_ATTACK": "30",
    "DEFENCE": "5",
    "DIFFICULTY": "1",
    "NATION": "JPN",
    "HEIGHT": "14 cm",
    "WEIGHT": "14 kg",
    "STYLE": "nessuno",
    "AGE": "14",
    "BLOOD": "A",
    "START_MOTION": "e_btlst_warmup_03",
    "MOTION": "e_stand",
    "MOTION_UP": "e_atk_punch",
    "MOTION_DOWN": "e_atk_kick",
    "MOTION_GLOWUP": "",
    "MOTION_UP_GLOWUP": "",
    "MOTION_DOWN_GLOWUP": "",
    "ARMS1": "",
    "ARMS2": "",
    "ARMS1_GLOWUP": "",
    "ARMS2_GLOWUP": "",
    "EXPLANATION": "nessuno"
  },
  "14": {
    "NAME": "Shoji Yonashiro",
    "CATCHPHRASE": "nessuno",
    "NEAR_ATTACK": "30",
    "THROW_ATTACK": "30",
    "DEFENCE": "5",
    "DIFFICULTY": "1",
    "NATION": "JPN",
    "HEIGHT": "15 cm",
    "WEIGHT": "15 kg",
    "STYLE": "nessuno",
    "AGE": "15",
    "BLOOD": "A",
    "START_MOTION": "p_btlst_weaponV_01",
    "MOTION": "e_stand",
    "MOTION_UP": "e_atk_punch",
    "MOTION_DOWN": "e_atk_kick",
    "MOTION_GLOWUP": "",
    "MOTION_UP_GLOWUP": "",
    "MOTION_DOWN_GLOWUP": "",
    "ARMS1": "",
    "ARMS2": "",
    "ARMS1_GLOWUP": "",
    "ARMS2_GLOWUP": "",
    "EXPLANATION": "nessuno"
  },
  "types": {
    "NAME": "string",
    "CATCHPHRASE": "string",
    "NEAR_ATTACK": "value",
    "THROW_ATTACK": "value",
    "DEFENCE": "value",
    "DIFFICULTY": "value",
    "NATION": "string",
    "HEIGHT": "string",
    "WEIGHT": "string",
    "STYLE": "string",
    "AGE": "string",
    "BLOOD": "string",
    "START_MOTION": "string_tbl",
    "MOTION": "string_tbl",
    "MOTION_UP": "string_tbl",
    "MOTION_DOWN": "string_tbl",
    "MOTION_GLOWUP": "string_tbl",
    "MOTION_UP_GLOWUP": "string_tbl",
    "MOTION_DOWN_GLOWUP": "string_tbl",
    "ARMS1": "string_tbl",
    "ARMS2": "string_tbl",
    "ARMS1_GLOWUP": "string_tbl",
    "ARMS2_GLOWUP": "string_tbl",
    "EXPLANATION": "string"
  }
}